1	    An oﬀicial website of the United States government Here's how you know
2	                                                                      SEARCH   SIGN IN     MENU
3	
4	
5	
6	
7	      Highlights of This Issue
8	         SPECIAL ANNOUNCEMENT
9	         INCOME TAX
10	         EXEMPT ORGANIZATIONS
11	         ADMINISTRATIVE
12	
13	      Preface
14	          The IRS Mission
15	          Introduction
16	
17	      Part I. Rulings and Decisions Under the Internal Revenue Codeof 1986
18	          T.D. 9559
19	          Rev. Rul. 2012-1
20	
21	      Part III. Administrative, Procedural, and Miscellaneous
22	          Notice 2012-1
23	          Rev. Proc. 2012-9
24	          Rev. Proc. 2012-10
25	          Rev. Proc. 2012-12
26	
27	      Part IV. Items of General Interest
28	          REG-149625-10
29	          Announcement 2012-2
30	
31	      Definition of Terms and Abbreviations
32	          Definition of Terms
33	          Abbreviations
34	
35	      Numerical Finding List
36	         Numerical Finding List
37	
38	      Eﬀect of Current Actions on Previously Published Items
39	         Finding List of Current Actions on Previously Published Items
40	
41	      How to get the Internal Revenue Bulletin
42	         INTERNAL REVENUE BULLETIN
43	         CUMULATIVE BULLETINS
44	         ACCESS THE INTERNAL REVENUE BULLETIN ON THE INTERNET
45	         INTERNAL REVENUE BULLETINS ON CD-ROM
46	         How to Order
47	         We Welcome Comments About the Internal Revenue Bulletin
48	
49	
50	
51	Internal Revenue Bulletin: 2012-2
52	January 9, 2012
53	
54	
55	
56	Highlights of This Issue
57	These synopses are intended only as aids to the reader in identifying the subject matter
58	covered. They may not be relied upon as authoritative interpretations.
59	
60	SPECIAL ANNOUNCEMENT
61	
62	T.D. 9559 T.D. 9559
63	
64	Final regulations amend the user fee regulations and establish a new user fee for individuals
65	to take the registered tax return preparer competency examination.
66	
67	INCOME TAX
68	
69	Rev. Rul. 2012-1 Rev. Rul. 2012-1
70	
71	Recurring item exception to the all events test. This ruling clarifies the treatment of
72	certain liabilities under the recurring item exception to the economic performance
73	requirement under section 461(h)(3) of the Code. It also addresses the application of the
74	“not material” and “better matching” requirement of the recurring item exception in the
75	context of a lease and a service contract each having a term of one year. The ruling
76	distinguishes contracts for the provision of services from insurance and warranty contracts
77	and applies the recurring item exception diﬀerently. Rev. Proc. 2011-14 modified and
78	amplified.
79	
80	T.D. 9559 T.D. 9559
81	
82	Final regulations amend the user fee regulations and establish a new user fee for individuals
83	to take the registered tax return preparer competency examination.
84	
85	REG-149625-10 REG-149625-10
86	
87	Proposed regulations under section 382 of the Code provide exceptions to the segregation
88	rules, under which certain transactions may create one or more additional public groups
89	treated as 5-percent shareholders, for certain sales of loss corporation stock to small
90	shareholders and for certain redemptions of small shareholders. The regulations also
91	provide that in certain circumstances certain entities owning the loss corporation generally
92	will be treated as having no more than one public group.
93	
94	EXEMPT ORGANIZATIONS
95	
96	Rev. Proc. 2012-9 Rev. Proc. 2012-9
97	
98	This procedure sets forth issuing determination letters and rulings on the exempt status of
99	organizations under sections 501 and 521 of the Code. The procedures also apply to the
100	revocation and modification of determination letters or rulings, and provide guidance on
101	the exhaustion of administrative remedies for purposes of declaratory judgment under
102	section 7428 of the Code. Rev. Proc. 2011-9 superseded.
103	
104	Rev. Proc. 2012-10 Rev. Proc. 2012-10
105	
106	This procedure sets forth updated procedures with respect to issuing rulings and
107	determination letters on private foundation status under § 509(a) of the Code, operating
108	foundation status under § 4942(j)(3), and exempt operating foundation status under §
109	4940(d)(2), of organizations exempt from Federal income tax under § 501(c)(3). This
110	procedure also applies to the issuance of determination letters on the foundation status
111	under § 509(a)(3) of nonexempt charitable trusts described in § 4947(a)(1). Rev. Proc. 2011-
112	10 superseded.
113	
114	ADMINISTRATIVE
115	
116	T.D. 9559 T.D. 9559
117	
118	Final regulations amend the user fee regulations and establish a new user fee for individuals
119	to take the registered tax return preparer competency examination.
120	
121	Notice 2012-1 Notice 2012-1
122	
123	Optional standard mileage rates for 2012. This notice announces 55.5 cents as the
124	optional standard mileage rate for substantiating the amount of the deduction for the
125	business use of an automobile, 14 cents as the optional rate for use of an automobile as a
126	charitable contribution, and 23 cents as the optional rate for use of an automobile as a
127	medical or moving expense for 2012. The notice also provides the amount a taxpayer must
128	use in calculating reductions to basis for depreciation taken under the business standard
129	mileage rate and the maximum standard automobile cost for automobiles under a FAVR
130	allowance. Notice 2010-88, as modified by Announcement 2011-40, is superseded.
131	
132	Rev. Proc. 2012-12 Rev. Proc. 2012-12
133	
134	This procedure describes the procedures and standards that organizations must follow to
135	be identified by the Service as a qualifying organization that may accredit continuing
136	education providers under section 10.9(a)(1)(iii) of Circular 230 and the procedures and
137	standards that individuals and entities must follow to be approved as continuing education
138	providers under section 10.9(a)(1) of Circular 230.
139	
140	Announcement 2012-2 Announcement 2012-2
141	
142	This announcement contains an update to Publication 1220, Specifications for Filing Forms
143	1097, 1098, 1099, 3921, 3922, 5498, 8935 and W-2G, Electronically, revised 9-2011, concerning
144	the filing of Form 1099-K.
145	
146	
147	Preface
148	The IRS Mission
149	
150	Provide America’s taxpayers top-quality service by helping them understand and meet their
151	tax responsibilities and enforce the law with integrity and fairness to all.
152	
153	Introduction
154	
155	The Internal Revenue Bulletin is the authoritative instrument of the Commissioner of
156	Internal Revenue for announcing oﬀicial rulings and procedures of the Internal Revenue
157	Service and for publishing Treasury Decisions, Executive Orders, Tax Conventions,
158	legislation, court decisions, and other items of general interest. It is published weekly and
159	may be obtained from the Superintendent of Documents on a subscription basis. Bulletin
160	contents are compiled semiannually into Cumulative Bulletins, which are sold on a single-
161	copy basis.
162	
163	It is the policy of the Service to publish in the Bulletin all substantive rulings necessary to
164	promote a uniform application of the tax laws, including all rulings that supersede, revoke,
165	modify, or amend any of those previously published in the Bulletin. All published rulings
166	apply retroactively unless otherwise indicated. Procedures relating solely to matters of
167	internal management are not published; however, statements of internal practices and
168	procedures that aﬀect the rights and duties of taxpayers are published.
169	
170	Revenue rulings represent the conclusions of the Service on the application of the law to
171	the pivotal facts stated in the revenue ruling. In those based on positions taken in rulings to
172	taxpayers or technical advice to Service field oﬀices, identifying details and information of a
173	confidential nature are deleted to prevent unwarranted invasions of privacy and to comply
174	with statutory requirements.
175	
176	Rulings and procedures reported in the Bulletin do not have the force and eﬀect of Treasury
177	Department Regulations, but they may be used as precedents. Unpublished rulings will not
178	be relied on, used, or cited as precedents by Service personnel in the disposition of other
179	cases. In applying published rulings and procedures, the eﬀect of subsequent legislation,
180	regulations, court decisions, rulings, and procedures must be considered, and Service
181	personnel and others concerned are cautioned against reaching the same conclusions in
182	other cases unless the facts and circumstances are substantially the same.
183	
184	The Bulletin is divided into four parts as follows:
185	
186	Part I.—1986 Code. This part includes rulings and decisions based on provisions of the
187	Internal Revenue Code of 1986.
188	
189	Part II.—Treaties and Tax Legislation. This part is divided into two subparts as follows:
190	Subpart A, Tax Conventions and Other Related Items, and Subpart B, Legislation and
191	Related Committee Reports.
192	
193	Part III.—Administrative, Procedural, and Miscellaneous. To the extent practicable,
194	pertinent cross references to these subjects are contained in the other Parts and Subparts.
195	Also included in this part are Bank Secrecy Act Administrative Rulings. Bank Secrecy Act
196	Administrative Rulings are issued by the Department of the Treasury’s Oﬀice of the Assistant
197	Secretary (Enforcement).
198	
199	Part IV.—Items of General Interest. This part includes notices of proposed rulemakings,
200	disbarment and suspension lists, and announcements.
201	
202	The last Bulletin for each month includes a cumulative index for the matters published
203	during the preceding months. These monthly indexes are cumulated on a semiannual basis,
204	and are published in the last Bulletin of each semiannual period.
205	
206	
207	Part I. Rulings and Decisions Under the Internal Revenue Code
208	of 1986
209	T.D. 9559
210	
211	User Fee to Take the Registered Tax Return Preparer Competency
212	Examination
213	
214	DEPARTMENT OF THE TREASURY
215	Internal Revenue Service
216	26 CFR Part 300
217	AGENCY:
218	
219	Internal Revenue Service (IRS), Treasury.
220	
221	ACTION:
222	
223	Final regulations.
224	
225	SUMMARY:
226	
227	This document contains amendments to the user fee regulations. The final regulations
228	redesignate rules pertaining to fee for obtaining a preparer tax identification number. These
229	final regulations also establish a user fee for individuals to take the registered tax return
230	preparer competency examination. The final regulations aﬀect individuals who take the
231	registered tax return preparer competency examination. The charging of user fees is
232	authorized by the Independent Oﬀices Appropriations Act of 1952.
233	
234	DATES:
235	
236	Eﬀective Date: These regulations are eﬀective beginning November 25, 2011.
237	
238	Applicability Date: For date of applicability, see §300.12(d).
239	
240	FOR FURTHER INFORMATION CONTACT:
241	
242	Concerning the final regulations, Emily M. Lesniak at (202) 622-4570; concerning cost
243	methodology Eva J. Williams at (202) 435-5514 (not toll-free numbers).
244	
245	SUPPLEMENTARY INFORMATION:
246	Background
247	
248	This document contains final regulations establishing a user fee to take the registered tax
249	return preparer competency examination. New §300.12 establishes a $27 IRS user fee to
250	take the registered tax return preparer competency examination; this IRS user fee is in
251	addition to any reasonable, IRS-approved fee charged by the third-party vendor. These
252	regulations also redesignate prior §300.12 as §300.13.
253	
254	The Independent Oﬀices Appropriations Act of 1952 (IOAA), which is codified at 31 U.S.C.
255	9701, authorizes agencies to prescribe regulations establishing user fees for services
256	provided by the agency. Regulations prescribing user fees are subject to the policies of the
257	President, which are currently set forth in the Oﬀice of Management and Budget Circular A-
258	25 (the OMB Circular), 58 FR 38142 (July 15, 1993). The OMB Circular requires agencies
259	seeking to impose user fees for providing special benefits to identifiable recipients to
260	calculate the full cost of providing those benefits.
261	
262	These regulations are part of a broader IRS eﬀort to increase the oversight of the tax return
263	preparer community. As part of this eﬀort, Treasury and the IRS published final regulations
264	in the Federal Register (T.D. 9527, 2011-27 I.R.B. 1 [76 FR 32286]) on June 3, 2011,
265	amending the regulations governing practice before the IRS. These regulations are found in
266	31 CFR part 10 and have been reprinted as Treasury Department Circular No. 230 (Circular
267	230). The amendments to Circular 230, in part, include registered tax return preparers as
268	practitioners under Circular 230. Registered tax return preparers must demonstrate the
269	necessary qualifications and competency, which includes passing a minimum competency
270	examination. Registered tax return preparers receive the special benefit of being able to
271	prepare and sign tax returns, claims for refund, and other documents as provided in forms,
272	instructions, or other appropriate guidance.
273	
274	On September 26, 2011, Treasury and the IRS published a notice of proposed rulemaking
275	(REG-116284-11, 2011-43 I.R.B. 598) in the Federal Register (76 FR 59239) proposing a user
276	fee to take the registered tax return preparer competency examination. The notice of
277	proposed rulemaking also proposed to establish a user fee to be fingerprinted in
278	conjunction with the preparer tax identification number, acceptance agent, and authorized
279	e-file provider programs. These regulations only finalize the user fee to take the registered
280	tax return preparer competency examination.
281	
282	The notice of proposed rulemaking announced a public hearing on October 7, 2011. Four
283	individuals testified at the public hearing. The testimony at the hearing focused on the
284	proposed fingerprinting user fee. No individual at the hearing oﬀered testimony on the
285	competency examination user fee.
286	
287	Treasury and the IRS received written comments responding to the notice of proposed
288	rulemaking. These comments are available for public inspection at
289	http://www.regulations.gov or upon request. After consideration of all the comments, the
290	proposed regulations are adopted as modified by this Treasury decision.
291	Summary of Comments and Explanation of Revisions
292	
293	Treasury and the IRS received more than twenty written comments in response to the
294	notice of proposed rulemaking. Treasury and the IRS received four written comments
295	relating to the user fee to take the registered tax return preparer competency examination.
296	The majority of the written comments concerned the user fee to be fingerprinted in
297	conjunction with the preparer tax identification number, acceptance agent, and authorized
298	e-file provider programs. Treasury and the IRS also received a few comments regarding
299	other aspects of the IRS’s eﬀorts to regulate tax return preparers. To the extent that
300	comments address other aspects of the IRS’s increased oversight of the tax return
301	preparation industry, the comments will be addressed, as appropriate and practicable, in
302	future guidance. Further, some of the comments received related to testing locations and
303	whether an online examination would be oﬀered. The IRS received similar comments in
304	response to Notice 2011-48, 2011-26 I.R.B. 927 (June 27, 2011) available at
305	www.irs.gov/pub/irs-irbs/irb11-26.pdf, which specifically requested comments regarding the
306	registered tax return preparer competency examination. The IRS and the competency
307	examination vendor continue to consider these comments, along with other comments
308	received in response to Notice 2011-48, as they implement the competency testing
309	program. The IRS is committed to addressing the concerns expressed in these comments to
310	the extent practical and appropriate.
311	
312	One comment regarding the proposed user fee to take the registered tax return preparer
313	competency examination encouraged Treasury and the IRS to monitor the fee charged by
314	the third-party vendor. The third-party vendor’s fee is approved by the IRS, including any
315	changes to the vendor’s fee. Thus, the IRS will be aware of any possible fee changes and will
316	approve the final vendor fee.
317	
318	Three comments related to the total cost and the components of the user fee to take the
319	registered tax return preparer competency examination. These comments expressed a
320	general concern that the fee may be a financial burden on tax return preparation
321	businesses. One commentator requested that a definitive, specific fee amount be provided
322	and expressed confusion over whether a single user fee covers multiple attempts to take the
323	examination. Another commentator stated that the fee was duplicative for preparers who
324	are independently tested under an employer’s program, and requested that the IRS develop
325	a process to review and certify employer testing programs.
326	
327	Treasury and the IRS have considered these comments, and for the reasons described in
328	this preamble, the portion of the proposed regulations relating to the user fee for the
329	competency examination is finalized without substantive change.
330	
331	As stated earlier in this preamble, the OMB Circular generally requires agencies to recover
332	the full cost of providing a special benefit to an identifiable recipient. The full cost to the IRS
333	to administer the registered tax return preparer competency examination is $27 per
334	applicant each time the applicant takes the examination. The costs to the IRS to administer
335	the competency examination include conducting background checks on employees of the
336	third-party vendor who are involved in the administration of the examination and the
337	personnel, administrative, management, and information technology costs to the IRS for
338	developing and reviewing the competency examination, overseeing the competency
339	examination, validating the competency examination results, and establishing a review
340	procedure for applicants who contest any portion of the competency examination. The IRS
341	will make expenditures for all of these costs associated with the competency examination
342	and, thus, is generally required to recover these costs through a user fee as provided by the
343	OMB Circular. The IRS will inform the public of the total finalized testing fee amount before
344	the test becomes available. Because each examination-sitting will involve the same costs, a
345	user fee will be charged each time an applicant takes the examination.
346	
347	Further, these regulations are part of Treasury’s and the IRS’s eﬀort to increase oversight of
348	the tax return preparer industry based upon findings and recommendations made by the
349	IRS in Publication 4832, “Return Preparer Review” (the Report), which was published on
350	January 4, 2010. All individuals who wish to become a registered tax return preparer must
351	pass the competency examination because, during the implementation process, Treasury
352	and the IRS concluded that all registered tax return preparers should be subject to uniform
353	standards of qualification and practice, which includes demonstrating a minimum level of
354	competency. When obtaining tax return preparation services, taxpayers should know that
355	all registered tax return preparers are subject to the same federal regulations and
356	standards, regardless of where the registered tax return preparer is employed or in what
357	state the individual resides. Requiring all registered tax return preparers to fulfill the same
358	competency examination requirements ensures that all registered tax return preparers have
359	met the same minimum competency standards. Additionally, requiring all registered tax
360	return preparers to pass the IRS approved competency examination addresses concerns
361	raised by several commentators during the IRS’s study of the tax return preparation industry
362	about the potential for unfairness if certain tax return preparers are exempt from these
363	requirements. Accordingly, Treasury and the IRS do not believe that a process to review and
364	certify employer testing is appropriate.
365	
366	The comments on the user fee to be fingerprinted in conjunction with the preparer tax
367	identification number, acceptance agent, and authorized e-file provider programs by and
368	large expressed concern with the IRS’s plan to fingerprint participants in these programs
369	generally, as well as the imposition and amount of the proposed user fee. In light of the
370	significant issues raised at the hearing and in the written comments received on the
371	fingerprinting user fee, Treasury and the IRS have decided not to finalize the proposed user
372	fee to be fingerprinted in conjunction with the preparer tax identification number,
373	acceptance agent, and authorized e-file provider programs at this time. Rather, Treasury
374	and the IRS will consider alternatives as to how the IRS can best implement the Circular 230
375	provision authorizing the IRS to conduct a suitability check to become a registered tax
376	return preparer. In evaluating these alternatives, consideration will be given to how the
377	suitability check achieves the goals of increasing oversight of the tax return preparer
378	community and how the suitability check can be conducted most eﬀiciently while not
379	creating undue burden on the individual applicants and the firms or other entities that
380	employ them. Thus, Treasury and the IRS are still interested in receiving further comments
381	regarding the use of fingerprinting as part of the suitability check to become a registered tax
382	return preparer. If the result of this reconsideration will require any individual to pay a user
383	fee in conjunction with the implementation of the suitability check, including a possible
384	fingerprinting requirement, Treasury and the IRS will publish a new notice of proposed
385	rulemaking with respect to this user fee.
386	
387	Treasury and the IRS adopt the proposed regulations after eliminating the proposed user
388	fee to be fingerprinted in conjunction with the preparer tax identification number,
389	acceptance agent, and authorized e-file provider programs. The portion of the proposed
390	regulations pertaining to the user fee to take the registered tax return preparer competency
391	examination is adopted without substantive modification.
392	Eﬀective/Applicability Date
393	
394	The Administrative Procedure Act provides that substantive rules will not be eﬀective until
395	thirty days after the final regulations are published in the Federal Register (5 U.S.C. 553(d)).
396	Final regulations may be eﬀective prior to thirty days after publication if the publishing
397	agency finds that there is good cause for an earlier eﬀective date.
398	
399	This regulation is part of the IRS’s continued eﬀorts to implement the recommendations in
400	the Report. The recently published amendments to Circular 230 established registered tax
401	return preparers as practitioners under Circular 230 and required that individuals must pass
402	a competency examination, among other requirements, to become a registered tax return
403	preparer. Before the competency examination can be oﬀered, the competency examination
404	user fee must be in place. Further, to enable the IRS to begin designating individuals as
405	registered tax return preparers in time for the 2012 filing season, the competency
406	examination user fee must be finalized significantly before the 2012 filing season.
407	
408	Thus, the Treasury and the IRS find that there is good cause for these regulations to be
409	eﬀective upon the publication of these final regulations in the Federal Register.
410	Special Analyses
411	
412	It has been determined that these final regulations are not a significant regulatory action as
413	defined in Executive Order 12866, as supplemented by Executive Order 13563.
414	
415	It has been determined that a final regulatory flexibility analysis under 5 U.S.C. 603 is
416	required for this final rule. The analysis is set forth under the heading, “Final Regulatory
417	Flexibility Analysis.”
418	
419	Pursuant to 26 U.S.C. 7805(f), the notice of proposed rulemaking preceding these final
420	regulations was submitted to the Chief Counsel for Advocacy of the Small Business
421	Administration for comment on its impact on small business. The Chief Counsel for
422	Advocacy did not submit comments on the notice of proposed rulemaking.
423	FINAL REGULATORY FLEXIBILITY ANALYSIS
424	
425	When an agency either promulgates a final rule that follows a required notice of proposed
426	rulemaking or promulgates a final interpretative rule involving the internal revenue laws
427	that imposes a collection of information requirement on small entities as described in 5
428	U.S.C. 603(a), the Regulatory Flexibility Act (5 U.S.C. chapter 6) requires the agency to
429	“prepare a final regulatory flexibility analysis.” A final regulatory flexibility analysis must,
430	pursuant to 5 U.S.C. 604(a), contain the five elements listed in this final regulatory flexibility
431	analysis. For purposes of this final regulatory flexibility analysis, a small entity is defined as
432	a small business, small nonprofit organization, or small governmental jurisdiction. See 5
433	U.S.C. 601(3)-(6). The Treasury and the IRS conclude that the final regulations (together with
434	other contemplated guidance provided for in these regulations) will impact a substantial
435	number of small entities and the economic impact may be significant.
436	
437	A statement of the need for, and the objectives of, the final rule.
438	
439	The Treasury and the IRS are implementing regulatory changes that increase the oversight
440	of the tax return preparer industry based upon findings and recommendations in the
441	Report. These regulatory changes include establishing registered tax return preparers as
442	Circular 230 practitioners. Individuals who wish to become a registered tax return preparer
443	must pass a competency examination. Individuals who pass the competency examination
444	and become a registered tax return preparer will receive a special benefit that the general
445	public does not receive because a registered tax return preparer is allowed to prepare and
446	sign Form 1040 series returns (and accompanying schedules) for compensation. The
447	regulations under section 6109 (75 FR 60309) in conjunction with Notice 2011-6, 2011-3
448	I.R.B. 315 (January 17, 2011), provide that only attorneys, certified public accountants,
449	enrolled agents, and registered tax return preparers can prepare and sign all or
450	substantially all of a Form 1040 series return (and accompanying schedules) for
451	compensation. This final rule recovers the full costs to the IRS to oversee the registered tax
452	return preparer competency examination.
453	
454	Summaries of the significant issues raised in the public comments responding to the initial
455	regulatory flexibility analysis and of the agency’s assessment of the issues, and a statement of
456	any changes made to the rule as a result of the comments.
457	
458	Treasury and the IRS received no public comments responding to the initial regulatory
459	flexibility analysis related to competency testing in the proposed regulations that preceded
460	these final regulations. Treasury and the IRS did receive comments from the public on the
461	proposed regulations in general. A summary of these comments along with Treasury’s and
462	the IRS’s assessment of the issues raised in the comments and descriptions of any revisions
463	resulting from the comments is set forth elsewhere in this preamble under the Summary of
464	Comments and Explanation of Revisions heading.
465	
466	A description and an estimate of the number of small entities to which the rule will apply or an
467	explanation of why an estimate is not available.
468	
469	These final regulations aﬀect all individuals who want to become a registered tax return
470	preparer under the new oversight rules in Circular 230. Only individuals, not businesses, can
471	practice before the IRS or become a registered tax return preparer. Thus, the economic
472	impact of these regulations on any small entity generally will be a result of applicants
473	owning a small business or a small entity employing applicants. The NAICS code that relates
474	to tax preparation services (NAICS code 541213) is the appropriate code for the registered
475	tax return preparer program. Entities identified as tax preparation services are considered
476	small under the Small Business Administration size standards (13 CFR 121.201) if their
477	annual revenue is less than $7 million. The IRS estimates that approximately 350,000
478	individuals will become registered tax return preparers. The IRS estimates that
479	approximately 70 to 80 percent of the individuals who apply to become registered tax return
480	preparers are operating as or employed by small entities.
481	
482	A description of the projected reporting, recordkeeping, and other compliance requirements
483	of the rule, including an estimate of the classes of small entities subject to the requirements
484	and the type of professional skills necessary for preparation of a report or record.
485	
486	The final regulations do not directly impose any reporting or recordkeeping requirements
487	on any small entities. The final regulations, however, require certain tax return preparers to
488	pay a user fee to take the registered tax return preparer competency examination. Small
489	entities may be aﬀected by these costs if the entities choose to pay some or all of these fees
490	for their employees.
491	
492	Under the amendments to Circular 230, tax return preparers may also incur costs for exam
493	preparation courses, plus incidental costs, such as for travel and accommodations, in order
494	to obtain the designation of registered tax return preparer under Circular 230. Course prices
495	can vary greatly, from free to hundreds of dollars. Many small tax return preparation firms
496	may choose, as with the user fee, to bear these costs for their employees. In some cases,
497	small entities may lose sales and profits while their employed tax return preparers attend
498	exam preparation classes or are studying and sitting for the examination. Some small
499	entities that employ tax return preparers may even need to alter their business operations if
500	a significant number of their employees cannot satisfy the necessary registration and
501	competency requirements. Treasury and the IRS conclude, however, that only a small
502	percentage of small entities, if any, may need to cease doing business or radically change
503	their business model due to these final regulations.
504	
505	A description of the steps the agency has taken to minimize the significant economic impact
506	on small entities consistent with the stated objectives of applicable statutes, including a
507	statement of the factual, policy, and legal reasons for selecting any alternative adopted in the
508	final rule and why other significant alternatives aﬀecting the impact on small entities that the
509	agency considered were rejected.
510	
511	Treasury and the IRS are not aware of any steps that could be taken to minimize the
512	economic impact on small entities that would also be consistent with the objectives of
513	these final regulations and have determined that there is no viable alternative to these final
514	regulations. These regulations do not impose any more requirements on small entities than
515	are necessary to eﬀectively administer the internal revenue laws. Further, the regulations
516	do not subject small entities to any requirements that are not also applicable to larger
517	entities covered by the regulations.
518	
519	The IOAA authorizes the charging of user fees for agency services, subject to policies
520	designated by the President. The OMB Circular implements presidential policies regarding
521	user fees and encourages user fees when a government agency provides a special benefit to
522	a member of the public. As Congress has not appropriated funds to the registered tax return
523	preparer program, there are no viable alternatives to the imposition of user fees, which fees
524	recover the costs to the IRS for providing the special benefits associated with the registered
525	tax return preparer program.
526	
527	Adoption of Amendments to the Regulations
528	
529	Accordingly, 26 CFR part 300 is amended as follows:
530	
531	Part 300—USER FEES
532	
533	Paragraph 1. The authority citation for part 300 continues to read in part as follows:
534	
535	Authority: 31 U.S.C. 9701.
536	
537	Par. 2. Section 300.0 is amended by redesignating paragraph (b)(12) as paragraph (b)(13)
538	and adding new paragraph (b)(12) to read as follows:
539	
540	§300.0 User fees; in general.
541	
542	*****
543	
544	(b) * * *
545	
546	(12) Taking the registered tax return preparer competency examination.
547	
548	*****
549	§300.12 [Redesignated as §300.13]
550	
551	Par. 3. Redesignate §300.12 as §300.13.
552	
553	Par. 4. Adding new §300.12 to read as follows:
554	§300.12 Registered tax return preparer competency examination fee.
555	
556	(a) Applicability. This section applies to the competency examination to become a
557	registered tax return preparer pursuant to 31 CFR 10.4(c).
558	
559	(b) Fee. The fee for taking the registered tax return preparer competency examination is $27,
560	which is the government cost for overseeing the examination and does not include any fees
561	charged by the administrator of the examination.
562	
563	(c) Person liable for the fee. The person liable for the competency examination fee is the
564	applicant taking the examination.
565	
566	(d) Eﬀective/applicability date. This section is applicable beginning November 25, 2011.
567	
568	Steven T. Miller,
569	Deputy Commissioner for
570	Services and Enforcement.
571	
572	Approved November 21, 2011.
573	
574	Emily S. McMahon,
575	Acting Assistant Secretary
576	of the Treasury (Tax Policy).
577	
578	Note (Filed by the Oﬀice of the Federal Register on November 22, 2011, 11:15 a.m., and
579	published in the issue of the Federal Register for November 25, 2011, 76 F.R. 72619)
580	
581	Drafting Information
582	
583	The principal author of these regulations is Emily M. Lesniak, Oﬀice of the Associate Chief
584	Counsel (Procedure and Administration).
585	
586	*****
587	
588	Rev. Rul. 2012-1
589	
590	Recurring item exception to the all events test. This ruling clarifies the treatment of
591	certain liabilities under the recurring item exception to the economic performance
592	requirement under section 461(h)(3) of the Code. It also addresses the application of the
593	“not material” and “better matching” requirement of the recurring item exception in the
594	context of a lease and a service contract each having a term of one year. The ruling
595	distinguishes contracts for the provision of services from insurance and warranty contracts
596	and applies the recurring item exception diﬀerently. Rev. Proc. 2011-14 modified and
597	amplified.
598	
599	ISSUES
600	
601	Under the situations described below:
602	
603	(1) Is the amount of X’s liability material for purposes of the recurring item exception in
604	§461(h)(3) of the Internal Revenue Code if the liability accrues over more than one taxable
605	year for financial accounting purposes?
606	
607	(2) For purposes of the recurring item exception, does the accrual of X’s liability over more
608	than one taxable year result in better matching of the liability with related income if X
609	generates the related income in its trade or business over more than one taxable year and
610	the liability accrues over more than one taxable year for financial accounting purposes?
611	
612	(3) Is X’s liability that arises under a service contract properly characterized as a “liability
613	arising out of the provision of services” under § 1.461-4(d)(2), rather than a “liability arising
614	out of the provision of a warranty or service contract” under § 1.461-4(g)(5)?
615	
616	(4) Does the recurring item exception apply to X’s liability to provide services pursuant to a
617	service contract that is characterized as a “liability arising out of the provision of services”
618	under § 1.461-4(d)(2)?
619	
620	FACTS
621	
622	X is a corporation that uses an accrual method of accounting, including the recurring item
623	exception provided in § 461(h)(3) and § 1.461-5, for federal income tax purposes. X files its
624	federal income tax returns on a calendar year basis and prepares annual financial
625	statements in accordance with generally accepted accounting principles.
626	
627	On July 1, 2011, X enters into a one-year lease agreement for property it will use in its trade
628	or business to generate income over the period of the lease. The lease of the property
629	begins on July 1, 2011, and continues through June 30, 2012. The terms of the lease
630	agreement require X to pay $50,000, the entire balance of the lease liability, on July 1, 2011,
631	and X pays the $50,000 on that date. X’s financial statements account for the lease
632	agreement by recognizing the $50,000 expense ratably over the one-year period of the
633	lease.
634	
635	In conjunction with entering into the lease agreement, X also enters into a one-year service
636	contract with a maintenance company unrelated to the lessor of the property. The service
637	contract begins on July 1, 2011, and continues through June 30, 2012. Under the terms of
638	the service contract, the maintenance company will inspect and clean the leased property
639	monthly and provide any necessary repair and maintenance services relating to the normal
640	wear and tear or routine maintenance of the property. The services to be provided to X
641	under the service contract are general services to be provided on an ongoing and recurring
642	basis. The terms of the service contract require X to pay $2,400, the entire balance of the
643	liability, on July 1, 2011, and X pays the $2,400 on that date. X’s financial statements account
644	for the service contract by recognizing the $2,400 expense as the services are provided over
645	the one-year period of the contract.
646	
647	X reasonably expects that it will enter into similar leases and service contracts on a
648	recurring basis in the future.
649	
650	LAW
651	
652	Section 461(a) provides that the amount of any deduction or credit must be taken for the
653	taxable year that is the proper taxable year under the method of accounting used in
654	computing taxable income.
655	
656	Section 1.461-1(a)(2)(i) provides that, under an accrual method of accounting, a liability is
657	incurred, and generally taken into account for federal income tax purposes, in the taxable
658	year in which (1) all the events have occurred that establish the fact of the liability, (2) the
659	amount of the liability can be determined with reasonable accuracy (requirements (1) and
660	(2) are collectively referred to as the “all events test”), and (3) economic performance has
661	occurred with respect to the liability. See also § 1.446-1(c)(1)(ii)(A). All the events have
662	occurred that establish the fact of the liability when (1) the event fixing the liability, whether
663	that be the required performance or other event, occurs, or (2) payment is due, whichever
664	
665	happens earliest. Rev. Rul. 2007-3, 2007-1 C.B. 350; Rev. Rul. 80-230, 1980-2 C.B. 169; Rev.
666	Rul. 79-410, 1979-2 C.B. 213, amplified by Rev Rul. 2003-90, 2003-2 C.B. 353.
667	
668	Section 461(h)(1) and § 1.461-4(a)(1) provide that, for purposes of determining whether an
669	accrual basis taxpayer can treat the amount of any liability as incurred, the all events test is
670	not treated as met any earlier than the taxable year in which economic performance occurs
671	with respect to the liability.
672	
673	Section 1.461-4(d)(2)(i) provides that if the liability of a taxpayer arises out of the providing
674	of services or property to the taxpayer by another person, economic performance occurs as
675	the services or property is provided.
676	
677	Section 1.461-4(d)(3)(i) provides that if the liability of a taxpayer arises out of the use of
678	property by the taxpayer, economic performance occurs ratably over the period of time the
679	taxpayer is entitled to the use of the property.
680	
681	Section 1.461-4(g)(5) provides that if the liability of a taxpayer arises out of the provision to
682	the taxpayer of insurance, or a warranty or service contract, economic performance occurs
683	as payment is made to the person to which the liability is owed. A warranty or service
684	contract is a contract that a taxpayer enters into in connection with property bought or
685	leased by the taxpayer, pursuant to which the other party to the contract promises to
686	replace or repair the property under specified circumstances. Section 1.461-4(g)(5)(i).
687	
688	Section 461(h)(3)(A) and § 1.461-5(b) provide a recurring item exception to the general rule
689	of economic performance. Under the recurring item exception, a liability is treated as
690	incurred for a taxable year if: (i) at the end of the taxable year, all events have occurred that
691	establish the fact of the liability and the amount can be determined with reasonable
692	accuracy; (ii) economic performance occurs on or before the earlier of (a) the date that the
693	taxpayer files a timely return (including extensions) for the taxable year, or (b) the 15th day
694	of the ninth calendar month after the close of the taxable year; (iii) the liability is recurring
695	in nature; and (iv) either (A) the amount of the liability is not material or (B) the accrual of
696	the liability in the taxable year results in a better matching of the liability with the income to
697	which it relates than would result from accruing the liability for the taxable year in which
698	economic performance occurs. Section 461(h)(3)(B) provides that in making a
699	determination under the materiality and matching requirements, the treatment of the
700	liability on financial statements shall be taken into account.
701	
702	Section 1.461-5(b)(4)(i) provides that in determining whether a liability is material,
703	consideration is given to the amount of the liability in absolute terms and in relation to the
704	amount of other items of income and expense attributable to the same activity. Section
705	1.461-5(b)(4)(ii) provides that a liability is material if it is material for financial statement
706	purposes under generally accepted accounting principles. Section 1.461-5(b)(4)(iii) provides
707	that a liability that is immaterial for financial statement purposes under generally accepted
708	accounting principles may be material for purposes of the materiality requirement of the
709	recurring item exception.
710	
711	Section 1.461-5(b)(5)(i) provides that in determining whether the matching requirement of
712	the recurring item exception is satisfied, generally accepted accounting principles are an
713	important factor, but are not dispositive. Section 1.461-5(b)(5)(ii) provides that in the case
714	of a liability described in § 1.461-4(g)(5) (insurance, warranty or service contract), the
715	matching requirement of the recurring item exception is deemed satisfied.
716	
717	ANALYSIS
718	
719	Lease liability
720	
721	On July 1, 2011, all the events have occurred that establish the fact of X’s lease liability
722	(because X’s payment is due under the lease agreement on that date) and the amount of the
723	lease liability can be determined with reasonable accuracy. Because the lease liability arises
724	out of the use of property provided to X, economic performance occurs ratably over the
725	period of time that X is entitled to use the property. Section 1.461-4(d)(3)(i). Therefore,
726	unless the recurring item exception applies, X’s lease liability is incurred ratably over the
727	one-year lease period beginning July 1, 2011 and ending June 30, 2012.
728	
729	To apply the recurring item exception to its lease liability, X must, in part, demonstrate
730	either that the lease liability is immaterial or that recognizing the liability in a year prior to
731	the ratable use of the property results in a better matching of the expense to the related
732	income. In determining whether a liability is immaterial, the legislative history of the
733	recurring item exception provides:
734	
735	    If an item is considered material for financial statement purposes, it
736	    will also be considered material for tax purposes. For example,
737	    assume that a calendar-year taxpayer enters into a one-year
738	    maintenance contract on July 1, 1985. If the amount of the expense is
739	    prorated between 1985 and 1986 for financial statement purposes, it
740	    should be prorated for tax purposes. If, however, the full amount is
741	    deducted in 1985 for financial statement purposes because it is not
742	    material under generally accepted accounting principles, it may (or
743	    may not) be considered an immaterial item for purposes of [the
744	    recurring item] exception.
745	
746	H.R. Conf. Rep. 98-861, at 874 (1984) (original formatting omitted). The example in the
747	legislative history makes clear that a liability is material under the recurring item exception
748	if it is deemed suﬀiciently material for financial statement purposes so that it accrues over
749	more than one taxable year.
750	
751	Consistent with the legislative history, and with the directive in § 461(h)(3)(B) that the
752	treatment of a liability on financial statements be taken into account, § 1.461-5(b)(4)(ii)
753	provides that a liability is material if it is material for financial statement purposes under
754	generally accepted accounting principles. Because X’s lease liability accrues over more than
755	one taxable year for financial statement purposes under generally accepted accounting
756	principles, the lease liability is material for purposes of applying the recurring item
757	exception. Therefore, to apply the recurring item exception to its lease liability, X must
758	demonstrate that recognizing the liability in a year prior to the ratable use of the property
759	results in a better matching of the liability to the income to which it relates than would
760	result from accrual of the liability in the taxable year in which economic performance
761	occurs.
762	
763	In determining whether the matching requirement of the recurring item exception is
764	satisfied, the treatment of a liability on financial statements must be taken into account.
765	Section 461(h)(3)(B). Generally accepted accounting principles are an important factor, but
766	are not dispositive. Section 1.461-5(b)(5)(i). Accruing a liability over more than one taxable
767	year results in better matching than accrual in a single, earlier year if: (1) the liability accrues
768	over more than one taxable year for financial accounting purposes under generally
769	accepted accounting principles; (2) the liability relates to income that a taxpayer generates
770	in its trade or business over more than one taxable year; and (3) there are no overriding
771	facts or circumstances that indicate accrual of the full liability in the earlier year results in a
772	better match with the income.
773	
774	X has determined that under generally accepted accounting principles, its lease liability
775	should be recognized ratably over the period of the lease, and thus accrues the liability on
776	its financial statements over the period of the lease. Furthermore, X uses the leased
777	property in its trade or business to generate income over the period of the lease. In
778	addition, absent overriding facts or circumstances that indicate that accrual in the earlier
779	year would result in better matching, the accrual of the lease liability in a year prior to the
780	satisfaction of economic performance will not result in a better matching of the liability with
781	the related income as compared to accruing the liability for the taxable year in which
782	economic performance occurs. Because X’s lease liability is material under § 1.461-5(b)(1)
783	(iv)(A), and because it does not satisfy the matching requirement of § 1.461-5(b)(1)(iv)(B), X
784	cannot use the recurring item exception to treat its lease liability as incurred in 2011.
785	Service Contract Liability
786	
787	On July 1, 2011, all the events have occurred that establish the fact of X’s service contract
788	liability (because X’s payment is due under the service contract on that date) and the
789	amount of the service contract liability can be determined with reasonable accuracy. The
790	applicable economic performance rule depends on whether the service contract liability
791	arises out of the provision of services to X under § 1.461-4(d)(2)(i) (a “service liability”), or
792	whether the liability arises out of the provision to X of a warranty or service contract under §
793	1.461-4(g)(5) (a “payment liability”). Further, the matching requirement of the recurring
794	item exception applies diﬀerently depending on whether the service contract liability is a
795	service liability under § 1.461-4(d)(2)(i) or a payment liability under § 1.461-4(g)(5).
796	
797	Section 1.461-4(g)(5)(i) defines a warranty or service contract as a contract that a taxpayer
798	enters into in connection with property bought or leased by the taxpayer, pursuant to which
799	the other party to the contract promises to replace or repair the property under specified
800	circumstances. The term “specified circumstances” implies the occurrence of a unique or
801	irregular circumstance necessitating the repair or replacement of property. Thus, the
802	warranty and service contracts contemplated in § 1.461-4(g)(5) are similar to insurance
803	contracts, which also are characterized by the occurrence of a unique or irregular
804	circumstance necessitating the repair or replacement of property. The regulations recognize
805	this similarity by treating insurance, warranty contracts, and service contracts collectively
806	as a single category of payment liability under § 1.461-4(g)(5).
807	
808	The service contracts addressed in § 1.461-4(g)(5)(i) are distinguishable from contracts for
809	general services that are provided on an ongoing and recurring basis. This distinction is
810	reinforced in the deemed matching rule of § 1.461-5(b)(5)(ii), which provides that the
811	matching requirement is deemed satisfied only for certain payment liabilities, including
812	service contract liabilities addressed in § 1.461-4(g)(5). Deemed matching for these types of
813	liabilities is appropriate because a liability is triggered only by the occurrence of a unique or
814	irregular circumstance. In contrast, a deemed matching rule would be inappropriate for
815	services that are performed on an ongoing and recurring basis and contribute to the
816	taxpayer’s income-generating activities over a certain period.
817	
818	The services to be provided to X under the terms of the service contract are general services
819	to be provided on an ongoing and recurring basis rather than services to be provided only in
820	“specified circumstances.” Therefore, X’s service contract liability is a service liability under
821	§1.461-4(d)(2)(i), rather than a payment liability under §1.461-4(g)(5), for purposes of
822	applying the economic performance rules. Accordingly, under § 1.461-4(d)(2), economic
823	performance of X’s service contract liability occurs as the services are provided to X over the
824	term of the contract.
825	
826	To apply the recurring item exception to its service contract liability, X must, in part,
827	demonstrate either that its liability is not material or that recognizing the liability in a year
828	prior to the performance of the services results in a better matching of the expense to the
829	related income. In determining whether a liability is not material, § 461(h)(3)(B) provides
830	that financial statement treatment is considered, and both the legislative history of § 461(h)
831	(3) and § 1.461-5(b)(4)(ii) provide that a liability is material if it is material for financial
832	statement purposes under generally accepted accounting principles. Because X’s service
833	contract liability accrues over more than one taxable year for financial statement purposes
834	under generally accepted accounting principles, the liability is material for purposes of
835	applying the recurring item exception. Therefore, to apply the recurring item exception to
836	its service contract liability, X must demonstrate that recognizing the liability in a year prior
837	to the performance of the services results in a better matching of the liability to the income
838	to which it relates than would result from accruing the liability in the taxable year in which
839	economic performance occurs. The deemed matching rule for certain payment liabilities in
840	§1.461-5(b)(5)(ii) does not apply to X’s service contract liability because X’s liability does not
841	arise out of the provision of a warranty or service contract under §1.461-4(g)(5).
842	
843	In determining whether the matching requirement of the recurring item exception is
844	satisfied, generally accepted accounting principles are an important factor, but not
845	dispositive. Section 1.461-5(b)(5)(i). Under generally accepted accounting principles, X has
846	determined that its service contract liability should be recognized as services are provided
847	over the period of the contract. Furthermore, the services provided to X are used in the
848	ongoing operation of X’s trade or business to generate income over the period of the
849	contract. Absent any other overriding facts or circumstances that would indicate better
850	matching, the accrual of the service contract liability in a year prior to the satisfaction of
851	economic performance will not result in a better matching of the liability with the related
852	income as compared to accruing the liability for the taxable year in which economic
853	performance occurs. Because X’s service contract liability is material under § 1.461-5(b)(1)
854	(iv)(A), and because it does not satisfy the matching requirement of § 1.461-5(b)(1)(iv)(B), X
855	cannot use the recurring item exception to treat its service contract liability as incurred in
856	2011.
857	
858	Some contracts call for services to be performed on a recurring basis and for additional
859	performance to be provided only in “specified circumstances.” This revenue ruling does not
860	address the tax treatment for a mixed service and warranty contract.
861	
862	HOLDINGS
863	
864	(1) For purposes of the recurring item exception in § 461(h)(3), the amount of X’s lease
865	liability is material.
866	
867	(2) For purposes of the recurring item exception, the accrual of X’s lease liability over more
868	than one taxable year results in better matching of the liability with related income.
869	
870	(3) X’s service contract liability is properly characterized as a liability arising out of the
871	provision of services to the taxpayer under § 1.461-4(d)(2), rather than as a liability arising
872	out of the provision to the taxpayer of a warranty or service contract under § 1.461-4(g)(5).
873	
874	(4) The recurring item exception does not apply to X’s service contract liability.
875	
876	APPLICATION
877	
878	Any change in a taxpayer’s method of accounting to conform to any of the holdings in this
879	revenue ruling is a change in method of accounting to which the provisions of §§ 446 and
880	481 and the regulations thereunder apply. A taxpayer that wants to change its method of
881	accounting to conform to any of the holdings in this ruling must follow the automatic
882	change in accounting method provisions of Rev. Proc. 2011-14, 2011-4 C.B. 330, with the
883	following modifications:
884	
885	(1) The scope limitations in section 4.02 of Rev. Proc. 2011-14 do not apply to a taxpayer
886	that wants to make the change for its first taxable year ending on or after December 13,
887	2011, provided an issue is not under consideration, as defined in section 3.09 of Rev. Proc.
888	2011-14, regarding whether all the events have occurred that establish the fact of the
889	liability; and
890	
891	(2) For purposes of section 6.02(4) of Rev. Proc. 2011-14, the taxpayer must include on line
892	1a of the Form 3115 the designated automatic accounting method change number “161.”
893	
894	EFFECT ON OTHER DOCUMENTS
895	
896	Rev. Proc. 2011-14 is modified and amplified to include this automatic change in section 19
897	of the APPENDIX.
898	
899	DRAFTING INFORMATION
900	
901	The principal author of this revenue ruling is Charles H. Kim of the Oﬀice of the Associate
902	Chief Counsel (Income Tax and Accounting). For further information regarding this revenue
903	ruling, contact Charles H. Kim at (202) 622-5020 (not a toll-free call).
904	
905	
906	Part III. Administrative, Procedural, and Miscellaneous
907	Notice 2012-1
908	
909	2012 Standard Mileage Rates
910	
911	SECTION 1. PURPOSE
912	
913	This notice provides the 2012 standard mileage rates for taxpayers to use in computing the
914	deductible costs of operating an automobile for business, charitable, medical, or moving
915	expense purposes. This notice also provides the amount taxpayers must use in calculating
916	reductions to basis for depreciation taken under the business standard mileage rate, and
917	the maximum standard automobile cost that may be used in computing the allowance
918	under a fixed and variable rate (FAVR) plan.
919	
920	SECTION 2. BACKGROUND
921	
922	Rev. Proc. 2010-51, 2010-51 I.R.B. 883, provides rules for computing the deductible costs of
923	operating an automobile for business, charitable, medical, or moving expense purposes,
924	and for substantiating, under § 274(d) of the Internal Revenue Code and § 1.274-5 of the
925	Income Tax Regulations, the amount of ordinary and necessary business expenses of local
926	transportation or travel away from home. Taxpayers using the standard mileage rates must
927	comply with Rev. Proc. 2010-51.
928	
929	An independent contractor conducts an annual study for the Internal Revenue Service of
930	the fixed and variable costs of operating an automobile to determine the standard mileage
931	rates for business, medical, and moving use reflected in this notice. The standard mileage
932	rate for charitable use is set by § 170(i).
933	
934	Notice 2010-88, 2010-51 I.R.B. 882, requested comments on the limitation in section 4.05(1)
935	of Rev. Proc. 2010-51 on using the business standard mileage rate for five or more
936	automobiles (such as in fleet operations). Only one responsive comment was received,
937	which suggested extending the business standard mileage rate to larger fleets. After
938	considering this comment, and in light of the limited number of comments, the Service has
939	decided to make no changes to section 4.05(1) at this time.
940	
941	SECTION 2. STANDARD MILEAGE RATES
942	
943	The standard mileage rate for transportation or travel expenses is 55.5 cents per mile for all
944	miles of business use (business standard mileage rate). See section 4 of Rev. Proc. 2010-51.
945	
946	The standard mileage rate is 14 cents per mile for use of an automobile in rendering
947	gratuitous services to a charitable organization under § 170. See section 5 of Rev. Proc.
948	2010-51.
949	
950	The standard mileage rate is 23 cents per mile for use of an automobile (1) for medical care
951	described in § 213, or (2) as part of a move for which the expenses are deductible under §
952	217. See section 5 of Rev. Proc. 2010-51.
953	
954	SECTION 3. BASIS REDUCTION AMOUNT
955	
956	For automobiles a taxpayer uses for business purposes, the portion of the business
957	standard mileage rate treated as depreciation is 21 cents per mile for 2008 and 2009, 23
958	cents per mile for 2010, 22 cents per mile for 2011, and 23 cents per mile for 2012. See
959	section 4.04 of Rev. Proc. 2010-51.
960	
961	SECTION 4. MAXIMUM STANDARD AUTOMOBILE COST
962	
963	For purposes of computing the allowance under a FAVR plan, the standard automobile cost
964	may not exceed $28,000 for automobiles (excluding trucks and vans) or $29,300 for trucks
965	and vans. See section 6.02(6) of Rev. Proc. 2010-51.
966	
967	SECTION 5. EFFECTIVE DATE
968	
969	This notice is eﬀective for (1) deductible transportation expenses paid or incurred on or
970	after January 1, 2012, and (2) mileage allowances or reimbursements paid to an employee
971	or to a charitable volunteer (a) on or after January 1, 2012, and (b) for transportation
972	expenses the employee or charitable volunteer pays or incurs on or after January 1, 2012.
973	
974	SECTION 6. EFFECT ON OTHER DOCUMENTS
975	
976	Notice 2010-88, as modified by Ann. 2011-40, 2011-29 I.R.B. 56, is superseded.
977	
978	DRAFTING INFORMATION
979	
980	The principal author of this notice is Bernard P. Harvey of the Oﬀice of Associate Chief
981	Counsel (Income Tax and Accounting). For further information on this notice, contact
982	Bernard P. Harvey at (202) 622-4930 (not a toll-free call).
983	
984	Rev. Proc. 2012-9
985	
986	SECTION 1. WHAT IS THE PURPOSE OF THIS REVENUE PROCEDURE?
987	
988	This revenue procedure sets forth procedures for issuing determination letters and rulings
989	on the exempt status of organizations under §§ 501 and 521 of the Internal Revenue Code
990	other than those subject to Rev. Proc. 2012-6, last bulletin (relating to pension, profit-
991	sharing, stock bonus, annuity, and employee stock ownership plans). Generally, the Service
992	issues these determination letters and rulings in response to applications for recognition of
993	exemption from Federal income tax. These procedures also apply to revocation or
994	modification of determination letters or rulings. This revenue procedure also provides
995	guidance on the exhaustion of administrative remedies for purposes of declaratory
996	judgment under § 7428 of the Code.
997	
998	Description of terms used in this revenue procedure
999	
1000	.01 For purposes of this revenue procedure —
1001	
1002	(1) The term “Service” means the Internal Revenue Service.
1003	
1004	(2) The term “application” means the appropriate form or letter that an organization must
1005	file or submit to the Service for recognition of exemption from Federal income tax under the
1006	applicable section of the Internal Revenue Code. See section 3 for information on specific
1007	forms.
1008	
1009	(3) The term “EO Determinations” means the oﬀice of the Service that is primarily
1010	responsible for processing initial applications for tax-exempt status. It includes the main EO
1011	Determinations oﬀice located in Cincinnati, Ohio, and other field oﬀices that are under the
1012	direction and control of the Manager, EO Determinations. Applications are generally
1013	processed in the centralized EO Determinations oﬀice in Cincinnati, Ohio. However, some
1014	applications may be processed in other EO Determinations oﬀices or referred to EO
1015	Technical.
1016	
1017	(4) The term “EO Technical” means the oﬀice of the Service that is primarily responsible for
1018	issuing letter rulings to taxpayers on exempt organization matters, and for providing
1019	technical advice or technical assistance to other oﬀices of the Service on exempt
1020	organization matters. The EO Technical oﬀice is located in Washington, DC.
1021	
1022	(5) The term “Appeals Oﬀice” means any oﬀice under the direction and control of the Chief,
1023	Appeals. The purpose of the Appeals Oﬀice is to resolve tax controversies, without litigation,
1024	on a fair and impartial basis. The Appeals Oﬀice is independent of EO Determinations and
1025	EO Technical.
1026	
1027	(6) The term “determination letter” means a written statement issued by EO Determinations
1028	or an Appeals Oﬀice in response to an application for recognition of exemption from Federal
1029	income tax under §§ 501 and 521. This includes a written statement issued by EO
1030	Determinations or an Appeals Oﬀice on the basis of advice secured from EO Technical
1031	pursuant to the procedures prescribed herein and in Rev. Proc. 2012-5.
1032	
1033	(7) The term “ruling” means a written statement issued by EO Technical in response to an
1034	application for recognition of exemption from Federal income tax under §§ 501 and 521.
1035	
1036	(8) The term “Code” means the Internal Revenue Code.
1037	Updated annually
1038	
1039	.02 This revenue procedure is updated annually, but may be modified or amplified during
1040	the year.
1041	
1042	SECTION 2. NATURE OF CHANGES AND RELATED REVENUE PROCEDURES
1043	
1044	Rev. Proc. 2011-9 is superseded
1045	
1046	.01 This revenue procedure is a general update of Rev. Proc. 2011-9, 2011-2 I.R.B. 283, which
1047	is hereby superseded.
1048	Related revenue procedures
1049	
1050	.02 This revenue procedure supplements Rev. Proc. 2012-10, this Bulletin, with respect to
1051	the eﬀects of § 7428 of the Code on the classification of organizations under §§ 509(a) and
1052	4942(j)(3). Rev. Proc. 80-27, 1980-1 C.B. 677, sets forth procedures under which exemption
1053	may be recognized on a group basis for subordinate organizations aﬀiliated with and under
1054	the general supervision and control of a central organization. Rev. Proc. 72-5, 1972-1 C.B.
1055	709, provides information for religious and apostolic organizations seeking recognition of
1056	exemption under § 501(d). General procedures for requests for a determination letter or
1057	ruling are provided in Rev. Proc. 2012-4. User fees for requests for a determination letter or
1058	ruling are set forth in Rev. Proc. 2012-8.
1059	What changes have been made to Rev. Proc. 2011-9?
1060	
1061	.03 Notable changes to Rev. Proc. 2011-9 that appear in this year’s update include —
1062	
1063	(1) Section 3.01 clarifies that Form 8718, User Fee for Exempt Organization Determination
1064	Letter Request, is not a determination letter application.
1065	
1066	(2) A reference to § 501(r) is added to section 3.03 to cover hospitals seeking exemption
1067	under § 501(c)(3).
1068	
1069	(3) Section 4.08 is added to describe existing practice that the Service may decline to issue a
1070	group exemption letter when appropriate in the interest of sound tax administration. See
1071	Rev. Proc. 2012-4, section 8.01.
1072	
1073	(4) A new item (6) is added to section 12 to reflect revocation of exemption automatically
1074	pursuant to § 6033(j) for failure to file a required annual return or notice for three
1075	consecutive years.
1076	
1077	SECTION 3. WHAT ARE THE PROCEDURES FOR REQUESTING RECOGNITION OF EXEMPT
1078	STATUS?
1079	In general
1080	
1081	.01 An organization seeking recognition of exempt status under § 501 or § 521 is required to
1082	submit the appropriate application. In the case of a numbered application form, the current
1083	version of the form must be submitted. A central organization that has previously received
1084	recognition of its own exemption can request a group exemption letter by submitting a
1085	letter application along with Form 8718, User Fee for Exempt Organization Determination
1086	Letter Request. See Rev. Proc. 80-27. Form 8718 is not a determination letter application.
1087	Attach this form to the determination letter application.
1088	User fee
1089	
1090	.02 An application must be submitted with the correct user fee, as set forth in Rev. Proc.
1091	2012-8.
1092	Form 1023 application
1093	
1094	.03 An organization seeking recognition of exemption under § 501(c)(3) and § 501(e), (f), (k),
1095	(n), (q), or (r) must submit a completed Form 1023, Application for Recognition of Exemption
1096	Under Section 501(c)(3) of the Internal Revenue Code. In the case of an organization that
1097	provides credit counseling services, see § 501(q) of the Code. In the case of an organization
1098	that is a hospital and is seeking exemption under § 501(c)(3), see § 501(r) of the Code.
1099	Form 1024 application
1100	
1101	.04 An organization seeking recognition of exemption under § 501(c)(2), (4), (5), (6), (7), (8),
1102	(9), (10), (12), (13), (15), (17), (19), or (25) must submit a completed Form 1024, Application
1103	for Recognition of Exemption Under Section 501(a), along with Form 8718. In the case of an
1104	organization that provides credit counseling services and seeks recognition of exemption
1105	under § 501(c)(4), see § 501(q) of the Code.
1106	Letter application
1107	
1108	.05 An organization seeking recognition of exemption under § 501(c)(11), (14), (16), (18),
1109	(21), (22), (23), (26), (27), (28), or (29), or under § 501(d), must submit a letter application
1110	along with Form 8718.
1111	Form 1028 application
1112	
1113	.06 An organization seeking recognition of exemption under § 521 must submit a completed
1114	Form 1028, Application for Recognition of Exemption Under Section 521 of the Internal
1115	Revenue Code, along with Form 8718.
1116	Form 8871 notice for political organizations
1117	
1118	.07 A political party, a campaign committee for a candidate for federal, state or local oﬀice,
1119	and a political action committee are all political organizations subject to tax under § 527. To
1120	be tax-exempt, a political organization may be required to notify the Service that it is to be
1121	treated as a § 527 organization by electronically filing Form 8871, Political Organization
1122	Notice of Section 527 Status. For details, go to the IRS website at www.irs.gov/polorgs.
1123	Requirements for a substantially completed application
1124	
1125	.08 A substantially completed application, including a letter application, is one that:
1126	
1127	(1) is signed by an authorized individual;
1128	
1129	(2) includes an Employer Identification Number (EIN);
1130	
1131	(3) for organizations other than those described in § 501(c)(3), includes a statement of
1132	receipts and expenditures and a balance sheet for the current year and the three preceding
1133	years (or the years the organization was in existence, if less than four years), and if the
1134	organization has not yet commenced operations or has not completed one accounting
1135	period, a proposed budget for two full accounting periods and a current statement of assets
1136	and liabilities; for organizations described in § 501(c)(3), see Form 1023 and Notice 1382;
1137	
1138	(4) includes a detailed narrative statement of proposed activities, including each of the
1139	fundraising activities of a § 501(c)(3) organization, and a narrative description of anticipated
1140	receipts and contemplated expenditures;
1141	
1142	(5) includes a copy of the organizing or enabling document that is signed by a principal
1143	oﬀicer or is accompanied by a written declaration signed by an authorized individual
1144	certifying that the document is a complete and accurate copy of the original or otherwise
1145	meets the requirements of a “conformed copy” as outlined in Rev. Proc. 68-14, 1968-1 C.B.
1146	768;
1147	
1148	(6) if the organizing or enabling document is in the form of articles of incorporation,
1149	includes evidence that it was filed with and approved by an appropriate state oﬀicial (e.g.,
1150	stamped “Filed” and dated by the Secretary of State); alternatively, a copy of the articles of
1151	incorporation may be submitted if accompanied by a written declaration signed by an
1152	authorized individual that the copy is a complete and accurate copy of the original copy
1153	that was filed with and approved by the state; if a copy is submitted, the written declaration
1154	must include the date the articles were filed with the state;
1155	
1156	(7) if the organization has adopted by-laws, includes a current copy; the by-laws need not
1157	be signed if submitted as an attachment to the application for recognition of exemption;
1158	otherwise, the by-laws must be verified as current by an authorized individual; and
1159	
1160	(8) is accompanied by the correct user fee and Form 8718, when applicable.
1161	Terrorist organizations not eligible to apply for recognition of exemption
1162	
1163	.09 An organization that is identified or designated as a terrorist organization within the
1164	meaning of § 501(p)(2) of the Code is not eligible to apply for recognition of exemption.
1165	
1166	SECTION 4. WHAT ARE THE STANDARDS FOR ISSUING A DETERMINATION LETTER OR
1167	RULING ON EXEMPT STATUS?
1168	Exempt status must be established in application and supporting documents
1169	
1170	.01 A favorable determination letter or ruling will be issued to an organization only if its
1171	application and supporting documents establish that it meets the particular requirements
1172	of the section under which exemption from Federal income tax is claimed.
1173	Determination letter or ruling based solely on administrative record
1174	
1175	.02 A determination letter or ruling on exempt status is issued based solely upon the facts
1176	and representations contained in the administrative record.
1177	
1178	(1) The applicant is responsible for the accuracy of any factual representations contained in
1179	the application.
1180	
1181	(2) Any oral representation of additional facts or modification of facts as represented or
1182	alleged in the application must be reduced to writing over the signature of an oﬀicer or
1183	director of the taxpayer under a penalties of perjury statement.
1184	
1185	(3) The failure to disclose a material fact or misrepresentation of a material fact on the
1186	application may adversely aﬀect the reliance that would otherwise be obtained through
1187	issuance by the Service of a favorable determination letter or ruling.
1188	Exempt status may be recognized in advance of actual operations
1189	
1190	.03 Exempt status may be recognized in advance of the organization’s operations if the
1191	proposed activities are described in suﬀicient detail to permit a conclusion that the
1192	organization will clearly meet the particular requirements for exemption pursuant to the
1193	section of the Code under which exemption is claimed.
1194	
1195	(1) A mere restatement of exempt purposes or a statement that proposed activities will be in
1196	furtherance of such purposes will not satisfy this requirement.
1197	
1198	(2) The organization must fully describe all of the activities in which it expects to engage,
1199	including the standards, criteria, procedures, or other means adopted or planned for
1200	carrying out the activities, the anticipated sources of receipts, and the nature of
1201	contemplated expenditures.
1202	
1203	(3) Where the organization cannot demonstrate to the satisfaction of the Service that it
1204	qualifies for exemption pursuant to the section of the Code under which exemption is
1205	claimed, the Service will generally issue a proposed adverse determination letter or ruling.
1206	See also section 7 of this revenue procedure.
1207	No letter if exempt status issue in litigation or under consideration within the Service
1208	
1209	.04 A determination letter or ruling on exempt status ordinarily will not be issued if an issue
1210	involving the organization’s exempt status under § 501 or § 521 is pending in litigation, is
1211	under consideration within the Service, or if issuance of a determination letter or ruling is
1212	not in the interest of sound tax administration. If the Service declines to issue a
1213	determination or ruling to an organization seeking exempt status under § 501(c)(3), the
1214	organization may be able to pursue a declaratory judgment under § 7428, provided that it
1215	has exhausted its administrative remedies.
1216	Incomplete application
1217	
1218	.05 If an application does not contain all of the items set out in section 3.08 of this revenue
1219	procedure, the Service may return it to the applicant for completion.
1220	
1221	(1) In lieu of returning an incomplete application, the Service may retain the application and
1222	request additional information needed for a substantially completed application.
1223	
1224	(2) In the case of an application under § 501(c)(3) that is returned incomplete, the 270-day
1225	period referred to in § 7428(b)(2) will not be considered as starting until the date a
1226	substantially completed Form 1023 is refiled with or remailed to the Service. If the
1227	application is mailed to the Service and a postmark is not evident, the 270-day period will
1228	start to run on the date the Service actually receives the substantially completed Form 1023.
1229	The same rules apply for purposes of the notice requirement of § 508.
1230	
1231	(3) Generally, the user fee will not be refunded if an incomplete application is filed. See Rev.
1232	Proc. 2012-8, section 10.
1233	Even if application is complete, additional information may be required
1234	
1235	.06 Even though an application is substantially complete, the Service may request
1236	additional information before issuing a determination letter or ruling.
1237	
1238	(1) If the application involves an issue where contrary authorities exist, an applicant’s failure
1239	to disclose and distinguish contrary authorities may result in requests for additional
1240	information, which could delay final action on the application.
1241	
1242	(2) In the case of an application under § 501(c)(3), the period of time beginning on the date
1243	the Service requests additional information until the date the information is submitted to
1244	the Service will not be counted for purposes of the 270-day period referred to in § 7428(b)
1245	(2).
1246	Expedited handling
1247	
1248	.07 Applications are normally processed in the order of receipt by the Service. However,
1249	expedited handling of an application may be approved where a request is made in writing
1250	and contains a compelling reason for processing the application ahead of others. Upon
1251	approval of a request for expedited handling, an application will be considered out of its
1252	normal order. This does not mean the application will be immediately approved or denied.
1253	Circumstances generally warranting expedited processing include:
1254	
1255	(1) a grant to the applicant is pending and the failure to secure the grant may have an
1256	adverse impact on the organization’s ability to continue to operate;
1257	
1258	(2) the purpose of the newly created organization is to provide disaster relief to victims of
1259	emergencies such as flood and hurricane; and
1260	
1261	(3) there have been undue delays in issuing a determination letter or ruling caused by a
1262	Service error.
1263	May decline to issue group exemption
1264	
1265	.08 The Service may decline to issue a group exemption letter when appropriate in the
1266	interest of sound tax administration.
1267	
1268	SECTION 5. WHAT OFFICES ISSUE AN EXEMPT STATUS DETERMINATION LETTER OR
1269	RULING?
1270	EO Determinations issues a determination letter in most cases
1271	
1272	.01 Under the general procedures outlined in Rev. Proc. 2012-4, EO Determinations is
1273	authorized to issue determination letters on applications for exempt status under §§ 501
1274	and 521.
1275	Certain applications referred to EO Technical
1276	
1277	.02 EO Determinations will refer to EO Technical those applications that present issues
1278	which are not specifically covered by statute or regulations, or by a ruling, opinion, or court
1279	decision published in the Internal Revenue Bulletin. In addition, EO Determinations will
1280	refer those applications that have been specifically reserved by revenue procedure or by
1281	other oﬀicial Service instructions for handling by EO Technical for purposes of establishing
1282	uniformity or centralized control of designated categories of cases. EO Technical will notify
1283	the applicant organization upon receipt of a referred application, and will consider each
1284	such application and issue a ruling directly to the organization.
1285	Technical advice may be requested in certain cases
1286	
1287	.03 If at any time during the course of consideration of an exemption application by EO
1288	Determinations the organization believes that its case involves an issue on which there is no
1289	published precedent, or there has been non-uniformity in the Service’s handling of similar
1290	cases, the organization may request that EO Determinations either refer the application to
1291	EO Technical or seek technical advice from EO Technical. See Rev. Proc. 2012-5, sections
1292	4.04 and 4.05.
1293	Technical advice must be requested in certain cases
1294	
1295	.04 If EO Determinations proposes to recognize the exemption of an organization to which
1296	EO Technical had issued a previous contrary ruling or technical advice, EO Determinations
1297	must seek technical advice from EO Technical before issuing a determination letter. This
1298	does not apply where EO Technical issued an adverse ruling and the organization
1299	subsequently made changes to its purposes, activities, or operations to remove the basis
1300	for which exempt status was denied.
1301	
1302	SECTION 6. WITHDRAWAL OF AN APPLICATION
1303	
1304	Application may be withdrawn prior to issuance of a determination letter or ruling
1305	
1306	.01 An application may be withdrawn upon the written request of an authorized individual
1307	at any time prior to the issuance of a determination letter or ruling. Therefore, an
1308	application may not be withdrawn after the issuance of a proposed adverse determination
1309	letter or ruling.
1310	
1311	(1) When an application is withdrawn, the Service will retain the application and all
1312	supporting documents. The Service may consider the information submitted in connection
1313	with the withdrawn request in a subsequent examination of the organization.
1314	
1315	(2) Generally, the user fee will not be refunded if an application is withdrawn. See Rev. Proc.
1316	2012-8, section 10.
1317	§ 7428 implications of withdrawal of application under § 501(c)(3)
1318	
1319	.02 The Service will not consider the withdrawal of an application under § 501(c)(3) as either
1320	a failure to make a determination within the meaning of § 7428(a)(2) or as an exhaustion of
1321	administrative remedies within the meaning of § 7428(b)(2).
1322	
1323	SECTION 7. WHAT ARE THE PROCEDURES WHEN EXEMPT STATUS IS DENIED?
1324	
1325	Proposed adverse determination letter or ruling
1326	
1327	.01 If EO Determinations or EO Technical reaches the conclusion that the organization does
1328	not satisfy the requirements for exempt status pursuant to the section of the Code under
1329	which exemption is claimed, the Service generally will issue a proposed adverse
1330	determination letter or ruling, which will:
1331	
1332	(1) include a detailed discussion of the Service’s rationale for the denial of tax-exempt
1333	status; and
1334	
1335	(2) advise the organization of its opportunity to appeal or protest the decision and request a
1336	conference.
1337	Appeal of a proposed adverse determination letter issued by EO Determinations
1338	
1339	.02 A proposed adverse determination letter issued by EO Determinations will advise the
1340	organization of its opportunity to appeal the determination by requesting Appeals Oﬀice
1341	consideration. To do this, the organization must submit a statement of the facts, law and
1342	arguments in support of its position within 30 days from the date of the adverse
1343	determination letter. The organization must also state whether it wishes an Appeals Oﬀice
1344	conference. Any determination letter issued on the basis of technical advice from EO
1345	Technical may not be appealed to the Appeals Oﬀice on issues that were the subject of the
1346	technical advice.
1347	Protest of a proposed adverse ruling issued by EO Technical
1348	
1349	.03 A proposed adverse ruling issued by EO Technical will advise the organization of its
1350	opportunity to file a protest statement within 30 days and to request a conference. If a
1351	conference is requested, the conference procedures outlined in Rev. Proc. 2012-4, section
1352	12, are applicable.
1353	Final adverse determination letter or ruling where no appeal or protest is submitted
1354	
1355	.04 If an organization does not submit a timely appeal of a proposed adverse determination
1356	letter issued by EO Determinations, or a timely protest of a proposed adverse ruling issued
1357	by EO Technical, a final adverse determination letter or ruling will be issued to the
1358	organization. The final adverse letter or ruling will provide information about the filing of
1359	tax returns and the disclosure of the proposed and final adverse letters or rulings.
1360	How EO Determinations handles an appeal of a proposed adverse determination letter
1361	
1362	.05 If an organization submits an appeal of the proposed adverse determination letter, EO
1363	Determinations will first review the appeal, and, if it determines that the organization
1364	qualifies for tax-exempt status, issue a favorable exempt status determination letter. If EO
1365	Determinations maintains its adverse position after reviewing the appeal, it will forward the
1366	appeal and the exemption application case file to the Appeals Oﬀice.
1367	Consideration by the Appeals Oﬀice
1368	
1369	.06 The Appeals Oﬀice will consider the organization’s appeal. If the Appeals Oﬀice agrees
1370	with the proposed adverse determination, it will either issue a final adverse determination
1371	or, if a conference was requested, contact the organization to schedule a conference. At the
1372	end of the conference process, which may involve the submission of additional information,
1373	the Appeals Oﬀice will either issue a final adverse determination letter or a favorable
1374	determination letter. If the Appeals Oﬀice believes that an exemption or private foundation
1375	status issue is not covered by published precedent or that there is non-uniformity, the
1376	Appeals Oﬀice must request technical advice from EO Technical in accordance with Rev.
1377	Proc. 2012-5, sections 4.04 and 4.05.
1378	If a protest of a proposed adverse ruling is submitted to EO Technical
1379	
1380	.07 If an organization submits a protest of a proposed adverse exempt status ruling, EO
1381	Technical will review the protest statement. If the protest convinces EO Technical that the
1382	organization qualifies for tax-exempt status, a favorable ruling will be issued. If EO Technical
1383	maintains its adverse position after reviewing the protest, it will either issue a final adverse
1384	ruling or, if a conference was requested, contact the organization to schedule a conference.
1385	At the end of the conference process, which may involve the submission of additional
1386	information, EO Technical will either issue a final adverse ruling or a favorable exempt
1387	status ruling.
1388	An appeal or protest may be withdrawn
1389	
1390	.08 An organization may withdraw its appeal or protest before the Service issues a final
1391	adverse determination letter or ruling. Upon receipt of the withdrawal request, the Service
1392	will complete the processing of the case in the same manner as if no appeal or protest was
1393	received.
1394	Appeal or protest and conference rights not applicable in certain situations
1395	
1396	.09 The opportunity to appeal or protest a proposed adverse determination letter or ruling
1397	and the conference rights described above are not applicable to matters where delay would
1398	be prejudicial to the interests of the Service (such as in cases involving fraud, jeopardy, the
1399	imminence of the expiration of the statute of limitations, or where immediate action is
1400	necessary to protect the interests of the Government).
1401	
1402	SECTION 8. DISCLOSURE OF APPLICATIONS AND DETERMINATION LETTERS AND
1403	RULINGS
1404	Sections 6104 and 6110 of the Code provide rules for the disclosure of applications,
1405	including supporting documents, and determination letters and rulings.
1406	
1407	Disclosure of applications, supporting documents, and favorable determination letters
1408	or rulings
1409	
1410	.01 The applications, any supporting documents, and the favorable determination letter or
1411	ruling issued, are available for public inspection under § 6104(a)(1) of the Code. However,
1412	there are certain limited disclosure exceptions for a trade secret, patent, process, style of
1413	work, or apparatus, if the Service determines that the disclosure of the information would
1414	adversely aﬀect the organization.
1415	
1416	(1) The Service is required to make the applications, supporting documents, and favorable
1417	determination letters or rulings available upon request. The public can request this
1418	information by submitting Form 4506-A, Request for Public Inspection or Copy of Exempt or
1419	Political Organization IRS Form. Organizations should ensure that applications and
1420	supporting documents do not include unnecessary personal identifying information (such
1421	as bank account numbers or social security numbers) that could result in identity theft or
1422	other adverse consequences if publicly disclosed.
1423	
1424	(2) The exempt organization is required to make its exemption application, supporting
1425	documents, and determination letter or ruling available for public inspection without
1426	charge. For more information about the exempt organization’s disclosure obligations, see
1427	Publication 557, Tax-Exempt Status for Your Organization.
1428	Disclosure of adverse determination letters or rulings
1429	
1430	.02 The Service is required to make adverse determination letters and rulings available for
1431	public inspection under § 6110 of the Code. Upon issuance of the final adverse
1432	determination letter or ruling to an organization, both the proposed adverse determination
1433	letter or ruling and the final adverse determination letter or ruling will be released pursuant
1434	to § 6110.
1435	
1436	(1) These documents are made available to the public after the deletion of names,
1437	addresses, and any other information that might identify the taxpayer. See § 6110(c) for
1438	other specific disclosure exemptions.
1439	
1440	(2) The final adverse determination letter or ruling will enclose Notice 437, Notice of
1441	Intention to Disclose, and redacted copies of the final and proposed adverse determination
1442	letters or rulings. Notice 437 provides instructions if the organization disagrees with the
1443	deletions proposed by the Service.
1444	Disclosure to State oﬀicials when the Service refuses to recognize exemption under §
1445	501(c)(3)
1446	
1447	.03 The Service may notify the appropriate State oﬀicials of a refusal to recognize an
1448	organization as tax-exempt under § 501(c)(3). See § 6104(c) of the Code. The notice to the
1449	State oﬀicials may include a copy of a proposed or final adverse determination letter or
1450	ruling the Service issued to the organization. In addition, upon request by the appropriate
1451	State oﬀicial, the Service may make available for inspection and copying the exemption
1452	application and other information relating to the Service’s determination on exempt status.
1453	Disclosure to State oﬀicials of information about § 501(c)(3) applicants
1454	
1455	.04 The Service may disclose to State oﬀicials the name, address, and identification number
1456	of any organization that has applied for recognition of exemption under § 501(c)(3).
1457	
1458	SECTION 9. REVIEW OF DETERMINATION LETTERS BY EO TECHNICAL
1459	
1460	Determination letters may be reviewed by EO Technical to assure uniformity
1461	
1462	.01 Determination letters issued by EO Determinations may be reviewed by EO Technical, or
1463	the Oﬀice of the Associate Chief Counsel (Passthroughs and Special Industries) (for cases
1464	under § 521), to assure uniform application of the statutes or regulations, or rulings, court
1465	opinions, or decisions published in the Internal Revenue Bulletin.
1466	Procedures for cases where EO Technical takes exception to a determination letter
1467	
1468	.02 If EO Technical takes exception to a determination letter issued by EO Determinations,
1469	the manager of EO Determinations will be advised. If EO Determinations notifies the
1470	organization of the exception taken, and the organization disagrees with the exception, the
1471	file will be returned to EO Technical. The referral to EO Technical will be treated as a request
1472	for technical advice, and the procedures in Rev. Proc. 2012-5 will be followed.
1473	
1474	SECTION 10. DECLARATORY JUDGMENT PROVISIONS OF § 7428
1475	
1476	Actual controversy involving certain issues
1477	
1478	.01 Generally, a declaratory judgment proceeding under § 7428 of the Code can be filed in
1479	the United States Tax Court, the United States Court of Federal Claims, or the district court
1480	of the United States for the District of Columbia with respect to an actual controversy
1481	involving a determination by the Service or a failure of the Service to make a determination
1482	with respect to the initial or continuing qualification or classification of an organization
1483	under § 501(c)(3) (charitable, educational, etc.); § 170(c)(2) (deductibility of contributions);
1484	§ 509(a) (private foundation status); § 4942(j)(3) (operating foundation status); or § 521
1485	(farmers cooperatives).
1486	Exhaustion of administrative remedies
1487	
1488	.02 Before filing a declaratory judgment action, an organization must exhaust its
1489	administrative remedies by taking, in a timely manner, all reasonable steps to secure a
1490	determination from the Service. These include:
1491	
1492	(1) the filing of a substantially completed application Form 1023 under § 501(c)(3) pursuant
1493	to section 3.08 of this revenue procedure, or the request for a determination of foundation
1494	status pursuant to Rev. Proc. 2012-10, this Bulletin, or its successor;
1495	
1496	(2) in appropriate cases, requesting relief pursuant to Treas. Reg. § 301.9100-1 of the
1497	Procedure and Administration Regulations regarding the extension of time for making an
1498	election or application for relief from tax;
1499	
1500	(3) the timely submission of all additional information requested by the Service to perfect
1501	an exemption application or request for determination of private foundation status; and
1502	
1503	(4) exhaustion of all administrative appeals available within the Service pursuant to section
1504	7 of this revenue procedure.
1505	Not earlier than 270 days after seeking determination
1506	
1507	.03 An organization will in no event be deemed to have exhausted its administrative
1508	remedies prior to the earlier of:
1509	
1510	(1) the completion of the steps in section 10.02, and the sending by the Service by certified
1511	or registered mail of a final determination letter or ruling; or
1512	
1513	(2) the expiration of the 270-day period described in § 7428(b)(2) in a case where the Service
1514	has not issued a final determination letter or ruling, and the organization has taken, in a
1515	timely manner, all reasonable steps to secure a determination letter or ruling.
1516	Service must have reasonable time to act on an appeal or protest
1517	
1518	.04 The steps described in section 10.02 will not be considered completed until the Service
1519	has had a reasonable time to act upon an appeal or protest, as the case may be.
1520	Final determination to which § 7428 applies
1521	
1522	.05 A final determination to which § 7428 of the Code applies is a determination letter or
1523	ruling, sent by certified or registered mail, which holds that the organization is not
1524	described in § 501(c)(3) or § 170(c)(2), is a public charity described in a part of § 509 or §
1525	170(b)(1)(A) other than the part under which the organization requested classification, is
1526	not a private foundation as defined in § 4942(j)(3), or is a private foundation and not a
1527	public charity described in a part of § 509 or § 170(b)(1)(A).
1528	
1529	SECTION 11. EFFECT OF DETERMINATION LETTER OR RULING RECOGNIZING
1530	EXEMPTION
1531	Eﬀective date of exemption
1532	
1533	.01 A determination letter or ruling recognizing exemption is usually eﬀective as of the date
1534	of formation of an organization if its purposes and activities prior to the date of the
1535	determination letter or ruling were consistent with the requirements for exemption.
1536	However, special rules under § 508(a) of the Code may apply to an organization applying for
1537	exemption under § 501(c)(3), and special rules under § 505(c) may apply to an organization
1538	applying for exemption under § 501(c)(9), (17), or (20).
1539	
1540	(1) If the Service requires the organization to alter its activities or make substantive
1541	amendments to its enabling instrument, the exemption will be eﬀective as of the date
1542	specified in a determination letter or ruling.
1543	
1544	(2) If the Service requires the organization to make a nonsubstantive amendment,
1545	exemption will ordinarily be recognized as of the date of formation. Examples of
1546	nonsubstantive amendments include correction of a clerical error in the enabling
1547	instrument or the addition of a dissolution clause where the activities of the organization
1548	prior to the determination letter or ruling are consistent with the requirements for
1549	exemption.
1550	Reliance on determination letter or ruling
1551	
1552	.02 A determination letter or ruling recognizing exemption may not be relied upon if there is
1553	a material change, inconsistent with exemption, in the character, the purpose, or the
1554	method of operation of the organization, or a change in the applicable law. Also, a
1555	determination letter or ruling may not be relied upon if it was based on any inaccurate
1556	material factual representations. See section 12.01.
1557	
1558	SECTION 12. REVOCATION OR MODIFICATION OF DETERMINATION LETTER OR RULING
1559	RECOGNIZING EXEMPTION
1560	A determination letter or ruling recognizing exemption may be revoked or modified: (1) by a
1561	notice to the taxpayer to whom the determination letter or ruling was issued; (2) by
1562	enactment of legislation or ratification of a tax treaty; (3) by a decision of the Supreme Court
1563	of the United States; (4) by the issuance of temporary or final regulations; (5) by the
1564	issuance of a revenue ruling, revenue procedure, or other statement published in the
1565	Internal Revenue Bulletin; or (6) automatically, pursuant to § 6033(j), for failure to file a
1566	required annual return or notice for three consecutive years.
1567	
1568	Revocation or modification of a determination letter or ruling may be retroactive
1569	
1570	.01 The revocation or modification of a determination letter or ruling recognizing exemption
1571	may be retroactive if there has been a change in the applicable law, the organization
1572	omitted or misstated a material fact, operated in a manner materially diﬀerent from that
1573	originally represented, or, in the case of organizations to which § 503 of the Code applies,
1574	engaged in a prohibited transaction with the purpose of diverting corpus or income of the
1575	organization from its exempt purpose and such transaction involved a substantial part of
1576	the corpus or income of such organization. In certain cases an organization may seek relief
1577	from retroactive revocation or modification of a determination letter or ruling under §
1578	7805(b). Requests for § 7805(b) relief are subject to the procedures set forth in Rev. Proc.
1579	2012-4.
1580	
1581	(1) Where there is a material change, inconsistent with exemption, in the character, the
1582	purpose, or the method of operation of an organization, revocation or modification will
1583	ordinarily take eﬀect as of the date of such material change.
1584	
1585	(2) In the case where a determination letter or ruling is issued in error or is no longer in
1586	accord with the Service’s position and § 7805(b) relief is granted (see sections 13 and 14 of
1587	Rev. Proc. 2012-4), ordinarily, the revocation or modification will be eﬀective not earlier
1588	than the date when the Service modifies or revokes the original determination letter or
1589	ruling.
1590	Appeal and conference procedures in the case of revocation or modification of exempt
1591	status letter
1592	
1593	.02 In the case of a revocation or modification of a determination letter or ruling, the appeal
1594	and conference procedures are generally the same as set out in section 7 of this revenue
1595	procedure, including the right of the organization to request that EO Determinations or the
1596	Appeals Oﬀice seek technical advice from EO Technical. However, appeal and conference
1597	rights are not applicable to matters where delay would be prejudicial to the interests of the
1598	Service (such as in cases involving fraud, jeopardy, the imminence of the expiration of the
1599	statute of limitations, or where immediate action is necessary to protect the interests of the
1600	Government).
1601	
1602	(1) If the case involves an exempt status issue on which EO Technical had issued a previous
1603	contrary ruling or technical advice, EO Determinations generally must seek technical advice
1604	from EO Technical.
1605	
1606	(2) EO Determinations does not have to seek technical advice if the prior ruling or technical
1607	advice has been revoked by subsequent contrary published precedent or if the proposed
1608	revocation involves a subordinate unit of an organization that holds a group exemption
1609	letter issued by EO Technical, the EO Technical ruling or technical advice was issued under
1610	the Internal Revenue Code of 1939 or prior revenue acts, or if the ruling was issued in
1611	response to Form 4653, Notification Concerning Foundation Status.
1612	
1613	SECTION 13. EFFECT ON OTHER REVENUE PROCEDURES
1614	
1615	Rev. Proc. 2011-9 is superseded.
1616	
1617	SECTION 14. EFECTIVE DATE
1618	
1619	This revenue procedure is eﬀective January 9, 2012.
1620	
1621	SECTION 15. PAPERWORK REDUCTION ACT
1622	
1623	The collection of information for a letter application under section 3.05 of this revenue
1624	procedure has been reviewed and approved by the Oﬀice of Management and Budget
1625	(OMB) in accordance with the Paperwork Reduction Act (44 U.S.C. § 3507) under control
1626	number 1545-2080. All other collections of information under this revenue procedure have
1627	been approved under separate OMB control numbers.
1628	
1629	An agency may not conduct or sponsor, and a person is not required to respond to, a
1630	collection of information unless the collection of information displays a valid OMB control
1631	number.
1632	
1633	The collection of this information is required if an organization wants to be recognized as
1634	tax-exempt by the Service. We need the information to determine whether the organization
1635	meets the legal requirements for tax-exempt status. In addition, this information will be
1636	used to help the Service delete certain information from the text of an adverse
1637	determination letter or ruling before it is made available for public inspection, as required
1638	by § 6110.
1639	
1640	The time needed to complete and file a letter application will vary depending on individual
1641	circumstances. The estimated average time is 10 hours.
1642	
1643	Books and records relating to the collection of information must be retained as long as their
1644	contents may become material in the administration of any internal revenue law. The rules
1645	governing the confidentiality of letter applications are covered in § 6104.
1646	
1647	DRAFTING INFORMATION
1648	
1649	The principal authors of this revenue procedure are Mr. Dave Rifkin and Mr. Matt Perdoni of
1650	the Exempt Organizations, Tax Exempt and Government Entities Division. For further
1651	information regarding this revenue procedure, please contact the TE/GE Customer Service
1652	oﬀice at (877) 829-5500 (a toll-free call), or send an e-mail to tege.eo@irs.gov and include
1653	“Question about Rev. Proc. 2012-9” in the subject line.
1654	
1655	Rev. Proc. 2012-10
1656	
1657	SECTION 1. PURPOSE AND SCOPE
1658	
1659	The purpose of this revenue procedure is to set forth updated procedures of the Internal
1660	Revenue Service (the “Service”) with respect to issuing rulings and determination letters on
1661	private foundation status under § 509(a) of the Internal Revenue Code (the “Code”),
1662	operating foundation status under § 4942(j)(3), and exempt operating foundation status
1663	under § 4940(d)(2), of organizations exempt from Federal income tax under § 501(c)(3). This
1664	revenue procedure also applies to the issuance of determination letters on the foundation
1665	status under § 509(a)(3) of nonexempt charitable trusts described in § 4947(a)(1).
1666	
1667	SECTION 2. WHAT CHANGES HAVE BEEN MADE TO REV. PROC. 2011-10?
1668	
1669	.01 This revenue procedure is a general update of Rev. Proc. 2011-10, 2011-2 I.R.B. 294.
1670	
1671	.02 Section 6.02 is rewritten to reflect changes since the introduction of Form 8940, Request
1672	for Miscellaneous Determination Under Section 507, 509(a), 4940, 4942, 4945, and 6033 of the
1673	Internal Revenue Code, and the Instructions for Form 8940. Refer to Form 8940 and the
1674	Instructions for Form 8940 for information about the types of requests that require the filing
1675	of a Form 8940.
1676	
1677	SECTION 3. BACKGROUND
1678	
1679	.01 All § 501(c)(3) organizations are classified as private foundations under § 509(a) unless
1680	they qualify as a public charity under § 509(a)(1) (which cross-references § 170(b)(1)(A)(i)-
1681	(vi)), (2), (3), or (4). See Treas. Reg. §§ 1.170A-9, 1.509(a)-1 through 1.509(a)-7. The Service
1682	determines an organization’s private foundation or public charity status when the
1683	organization files its Form 1023. This status will be included in the organization’s
1684	determination letter.
1685	
1686	.02 In its Form 990, Return of Organization Exempt From Income Tax Under section 501(c),
1687	527, or 4947(a)(1) of the Internal Revenue Code (except black lung benefit trust or private
1688	foundation), a public charity indicates the paragraph of § 509(a), and subparagraph of §
1689	170(b)(1)(A), if applicable, under which it qualifies as a public charity. Because of changes in
1690	its activities or operations, this may diﬀer from the public charity status listed in its original
1691	determination letter. Although an organization is not required to obtain a determination
1692	letter to qualify for the new public charity status, in order for Service records to recognize
1693	any change in public charity status, an organization must obtain a new determination of
1694	foundation status pursuant to this revenue procedure.
1695	
1696	.03 If a public charity no longer qualifies as a public charity under § 509(a)(1)-(4), then it
1697	becomes a private foundation, and as such, it must file Form 990-PF, Return of Private
1698	Foundation or Section 4947(a)(1) Nonexempt Charitable Trust Treated as a Private
1699	Foundation. It is not necessary for the organization to obtain a determination letter on its
1700	new private foundation status (although it is permitted to do so pursuant to this revenue
1701	procedure). The organization indicates this change in foundation status by filing its Form
1702	990-PF return and following any procedures specified in the form, instructions, or other
1703	published guidance. Thereafter, the organization may terminate its private foundation
1704	status, such as by giving notice and qualifying as a public charity again under § 509(a)(1)-(3)
1705	during a 60-month termination period in accordance with the procedures under § 507(b)(1)
1706	(B) and Treas. Reg. § 1.507-2(b).
1707	
1708	.04 This revenue procedure applies to organizations that may have erroneously determined
1709	that the organization was a private foundation and wish to correct the error. For example,
1710	an organization may have erroneously classified an item or items in its calculation of public
1711	support, causing the organization to classify itself as a private foundation and to file Forms
1712	990-PF. Pursuant to this revenue procedure, the organization can request to be classified as
1713	a public charity by showing that it continuously met the public support tests during the
1714	relevant periods. See section 7 below
1715	
1716	.05 A private foundation may qualify as an operating foundation under § 4942(j)(3) without
1717	a determination letter from the Service, but the Service will not recognize such status in its
1718	records without a determination letter from the Service. An organization claiming to be an
1719	exempt operating foundation under § 4940(d)(2) must obtain a determination letter from
1720	the Service recognizing such status to be exempt from the § 4940 tax on net investment
1721	income.
1722	
1723	SECTION 4. DETERMINATIONS OF FOUNDATION STATUS
1724	
1725	.01 EO Determinations will issue determination letters on foundation status, including
1726	whether an organization is:
1727	
1728	(1) a private foundation;
1729	
1730	(2) a public charity described in §§ 509(a)(1) and 170(b)(1)(A) (other than clauses (v), (vii),
1731	and (viii));
1732	
1733	(3) a public charity described in § 509(a)(2) or (4);
1734	
1735	(4) a public charity described in § 509(a)(3), whether such organization is described in §
1736	509(a)(3)(B)(i), (ii), or (iii) (“supporting organization type”), and whether or not a Type III
1737	supporting organization is functionally integrated;
1738	
1739	(5) a private operating foundation described in § 4942(j)(3); or
1740	
1741	(6) an exempt operating foundation described in § 4940(d)(2).
1742	
1743	.02 EO Determinations will also issue determination letters on whether a nonexempt
1744	charitable trust described in § 4947(a)(1) is described in § 509(a)(3).
1745	
1746	.03 EO Determinations will issue such determinations in response to applications for
1747	recognition of exempt status under § 501(c)(3), submitted by organizations pursuant to §
1748	508(b). EO Determinations will also issue such determinations in response to separate
1749	requests for determination of foundation status submitted on Form 8940, Request for
1750	Miscellaneous Determination, pursuant to Rev. Proc. 2012-10 or its successor revenue
1751	procedures.
1752	
1753	SECTION 5. APPLICABILITY OF ANNUAL REVENUE PROCEDURES
1754	
1755	.01 Rev. Proc. 2012-9 (updated annually) provides procedures of the Service in processing
1756	applications for recognition of exemption from Federal income tax under § 501(c)(3). Rev.
1757	Proc. 2012-4 (updated annually) governs requests for rulings and determination letters. Rev.
1758	Proc. 2012-8 (updated annually) prescribes user fees for applications, rulings, and other
1759	determinations. Except as specifically noted herein, those revenue procedures and their
1760	annual successors also apply to requests for determinations of foundation status.
1761	
1762	.02 The provisions of Rev. Proc. 2012-9 and any successor revenue procedure regarding §
1763	7428, protest, conference, and appeal rights also apply to all determinations of foundation
1764	status described in section 4.01 (except section 4.01(6) relating to exempt operating
1765	foundation status) and section 4.02, whether or not the request for determination is made
1766	in connection with an application for recognition of tax-exempt status.
1767	
1768	.03 Where the issue of exemption under § 501(c)(3) is referred to EO Technical for decision
1769	under the procedures of Rev. Proc. 2012-9, the foundation status issue will be referred along
1770	with it.
1771	
1772	SECTION 6. GENERALLY NO NEW DETERMINATION LETTER IF SAME STATUS IS SOUGHT
1773	
1774	The Service generally will not issue a new determination letter to a taxpayer that seeks a
1775	determination of private foundation status that is identical to its current foundation status
1776	as determined by the Service. For example, an organization that is already recognized as
1777	described in §§509(a)(1) and 170(b)(1)(A)(ii) as a school generally will not receive a new
1778	determination letter that it is still described in §§ 509(a)(1) and 170(b)(1)(A)(ii) under the
1779	currently extant facts. However, the organization in such case could request a letter ruling,
1780	pursuant to Rev. Proc. 2012-4, that a given change of facts and circumstances will not
1781	adversely aﬀect its status under §§ 509(a)(1) and 170(b)(1)(A)(ii).
1782	
1783	SECTION 7. FORMAT OF REQUEST
1784	
1785	.01 Organizations that are seeking to change their foundation status, including requests
1786	from public charities for private foundation status and requests from public charities to
1787	change from one public charity classification to another public charity classification, or
1788	seeking a determination or a change as to supporting organization type or functionally
1789	integrated status, or seeking operating foundation or exempt operating foundation status,
1790	must submit Form 8940, Request Miscellaneous Determination Under Section 507, 509(a),
1791	4940, 4942, 4945, and 6033 of the Internal Revenue Code, along with all information,
1792	documentation, and other materials required by Form 8940 and the instructions thereto, as
1793	well as the appropriate user fee pursuant to Rev. Proc. 2012-8 or its successor revenue
1794	procedures.
1795	
1796	.02 For complete information about filing requirements and the submission process, refer to
1797	Form 8940 and the Instructions for Form 8940.
1798	
1799	SECTION 8. REQUESTS BY NONEXEMPT CHARITABLE TRUSTS
1800	
1801	.01 A nonexempt charitable trust described in § 4947(a)(1) seeking a determination that it is
1802	described in § 509(a)(3) should submit a written request for a determination pursuant to
1803	Rev. Proc. 2012-4 or its successor revenue procedure.
1804	
1805	.02 The request for determination must include the following information items, from the
1806	date that the organization became described in § 4947(a)(1) (but not before October 9,
1807	1969) to the present:
1808	
1809	(1) A subject line or other indicator on the first page of the request in bold, underlined, or all
1810	capitals font indicating “NONEXEMPT CHARITABLE TRUST REQUEST FOR DETERMINATION
1811	THAT IT IS DESCRIBED IN § 509(a)(3)”;
1812	
1813	(2) The name, address, and Employer Identification Number of the beneficiary
1814	organizations, together with a statement whether each such beneficiary organization is
1815	described in § 509(a)(1) or (2);
1816	
1817	(3) A list of all of the trustees that have served, together with a statement stating whether
1818	such trustees were disqualified persons within the meaning of § 4946(a) (other than as
1819	foundation managers);
1820	
1821	(4) A copy of the original trust instrument and all subsequently adopted amendments to
1822	that instrument;
1823	
1824	(5) Suﬀicient information to otherwise establish that the trust has met the requirements of §
1825	509(a)(3) as provided for in Treas. Reg. § 1.509(a)-4 (other than § 1.509(a)-4(i)(4)); If the trust
1826	did not qualify under § 509(a)(3) in one or more prior years (after October 9, 1969) in which
1827	it was described in § 4947(a)(1), then it cannot be issued a § 509(a)(3) determination letter
1828	except in accordance with the procedures for termination of private foundation status
1829	under § 507(b)(1)(B); and
1830	
1831	(6) Such other information as is required for a determination under Rev. Proc. 2012-4 or any
1832	successor revenue procedure.
1833	
1834	SECTION 9. DETERMINATIONS OPEN TO PUBLIC INSPECTION
1835	
1836	Determinations and rulings as to foundation status are open to public inspection pursuant
1837	to § 6104(a).
1838	
1839	SECTION 10. NOT APPLICABLE TO PRIVATE FOUNDATION TERMINATIONS UNDER § 507
1840	OR CHANGES OF STATUS PURSUANT TO EXAMINATION
1841	These procedures do not apply to a private foundation seeking to terminate its status under
1842	§ 507. These procedures also do not apply to the examination of an organization which
1843	results in changes to its foundation status.
1844	
1845	SECTION 11. EFFECT ON OTHER REVENUE PROCEDURES
1846	
1847	Rev. Proc. 2011-10 is superseded.
1848	
1849	SECTION 12. EFFECTIVE DATE
1850	
1851	This revenue procedure is eﬀective January 9, 2012.
1852	
1853	SECTION 13. PAPERWORK REDUCTION ACT
1854	
1855	The collections of information contained in this revenue procedure have been reviewed and
1856	approved by the Oﬀice of Management and Budget in accordance with the Paperwork
1857	Reduction Act (44 U.S.C. § 3507) under control number 1545-1520.
1858	
1859	An agency may not conduct or sponsor, and a person is not required to respond to, a
1860	collection of information unless the collection of information displays a valid OMB control
1861	number.
1862	
1863	The collections of information in this revenue procedure are in sections 7.02 and 8.02. This
1864	information is required to evaluate and process the request for a letter ruling or
1865	determination letter. The collections of information are required to obtain a letter ruling or
1866	determination letter. The likely respondents are tax-exempt organizations.
1867	
1868	DRAFTING INFORMATION
1869	
1870	The principal authors of this revenue procedure are Mr. Dave Rifkin and Mr. Matt Perdoni of
1871	the Exempt Organizations, Tax Exempt and Government Entities Division. For further
1872	information about this revenue procedure, contact Customer Account Services at 877-829-
1873	5500. Dave Rifkin or Matt Perdoni can be reached by e-mail at tege.eo@irs.gov. Please
1874	include “Question about Rev. Proc. 2012-10” in the subject line.
1875	
1876	Rev. Proc. 2012-12
1877	
1878	SECTION 1. PURPOSE
1879	
1880	The purpose of this revenue procedure is to describe the procedures and standards that
1881	organizations must follow to be identified by the Internal Revenue Service as a qualifying
1882	organization that may accredit continuing education providers under section 10.9(a)(1)(iii)
1883	of Circular 230. This revenue procedure also describes the standards for a continuing
1884	education provider under section 10.9(a)(1) and the procedures that individuals and
1885	entities must follow to be approved by the Internal Revenue Service as a continuing
1886	education provider under section 10.9(a)(1)(iv).
1887	
1888	SECTION 2. BACKGROUND
1889	
1890	.01 On June 3, 2011, the Treasury Department and the Internal Revenue Service published
1891	final regulations in the Federal Register (T.D. 9527, 2011-28 I.R.B. 38 [76 FR 32286]) under 31
1892	CFR Part 10 (reprinted as Treasury Department Circular 230) that require registered tax
1893	return preparers to complete continuing education oﬀered by qualified continuing
1894	education providers. Enrolled agents and enrolled retirement plan agents also are required
1895	to complete continuing education under Circular 230. Section 10.9(a)(1) of Circular 230
1896	provides that continuing education providers must be:
1897	
1898	(i) An accredited educational institution;
1899	
1900	(ii) Recognized for continuing education purposes by the licensing body of any State,
1901	territory, or possession of the United States, including a Commonwealth, or the District of
1902	Columbia;
1903	
1904	(iii) Recognized and approved by a qualifying organization as a provider of continuing
1905	education on subject matters within section 10.6(f) of Circular 230; or
1906	
1907	(iv) Recognized by the IRS as a professional organization, society, or business whose
1908	programs include oﬀering continuing professional education opportunities in subject
1909	matters within section 10.6(f).
1910	
1911	For purposes of this revenue procedure, an entity referred to as a “qualifying organization”
1912	in section 10.9(a)(1)(iii) will be referred to as an “accrediting organization” and an individual
1913	or entity approved by the IRS as a continuing education provider under section 10.9(a)(1)
1914	(iv) will be referred to as a “section iv CE provider.”
1915	
1916	.02 Section 10.9(a)(1)(iii) provides that the IRS, at its discretion, may identify the accrediting
1917	organizations that maintain minimum education standards comparable to those set forth in
1918	Circular 230 in appropriate forms, instructions, and other appropriate guidance.
1919	
1920	.03 Section 10.9(a)(1)(iv) provides that the IRS, at its discretion, may require section iv CE
1921	providers to file an agreement and/or obtain IRS approval of each program as a qualified
1922	continuing education program in appropriate forms, instructions, or other appropriate
1923	guidance.
1924	
1925	.04 Under section 10.9(a)(2), a continuing education provider must obtain a continuing
1926	education provider number and pay any applicable user fee. A continuing education
1927	provider also must maintain its status as a continuing education provider during each
1928	continuing education provider cycle by renewing its continuing education provider number
1929	as prescribed by forms, instructions, or other appropriate guidance and paying any
1930	applicable user fee.
1931	
1932	.05 Sections 10.6(f) and 10.9(a)(3) provide initial criteria that continuing education
1933	programs must meet to qualify for continuing education credit for enrolled agents, enrolled
1934	retirement plan agents, and registered tax return preparers. A qualifying continuing
1935	education program generally must enhance professional knowledge in Federal taxation or
1936	Federal tax related matters, including ethics, must be consistent with the Internal Revenue
1937	Code and eﬀective tax administration, and must be conducted by a qualified instructor.
1938	
1939	.06 On July 18, 2011, Treasury and the IRS published Notice 2011-61 soliciting the feedback
1940	of education providers, tax return preparers, the associated industry and consumer groups,
1941	and taxpayers on the procedures and standards that will govern the process for identifying
1942	accrediting organizations or for those individuals and entities seeking approval as section iv
1943	CE providers. Numerous comments were received and were taken into account in the
1944	development of the standards and procedures prescribed in this revenue procedure.
1945	
1946	SECTION 3. SCOPE
1947	
1948	This revenue procedure applies to any organization seeking to be identified as an
1949	accrediting organization or any individual or entity seeking approval as a section iv CE
1950	provider; and applies to any continuing education provider seeking to obtain continuing
1951	education provider and program numbers under section 10.9. This revenue procedure
1952	supplements sections 10.6 and 10.9 by describing the specific standards and procedures
1953	that those organizations, individuals, and entities must follow to be identified as an
1954	accrediting organization or accepted as a continuing education provider.
1955	
1956	SECTION 4. ACCREDITING ORGANIZATIONS
1957	
1958	.01 Standards. Any organization seeking to be identified as an accrediting organization that
1959	may approve individuals and entities as continuing education providers under section
1960	10.9(a)(1)(iii) must:
1961	
1962	(1) Have an established framework and eﬀective means of review and approval for
1963	continuing education providers.
1964	
1965	(2) Publish requirements for continuing education provider approval.
1966	
1967	(3) Have written procedures suﬀicient to ensure that the continuing education providers it
1968	accredits comply with any standards set forth in Circular 230, the requirements described in
1969	section 5.02 below, and any other standards prescribed by the IRS in other appropriate
1970	guidance.
1971	
1972	(4) Have experience evaluating continuing education providers in Federal taxation or
1973	Federal tax related matters, including ethics. The minimum level of experience required
1974	typically will be two years.
1975	
1976	(5) Have an established process for annually auditing or reviewing selected programs of
1977	selected approved continuing education providers. Reviews of selected programs must be
1978	performed periodically, at least annually.
1979	
1980	(6) Maintain records for each approved continuing education provider for four years and
1981	submit reports to the IRS periodically on the individuals and entities applying for
1982	continuing education provider status.
1983	
1984	(7) Maintain an internet listing of all continuing education providers approved by the
1985	accrediting organization.
1986	
1987	(8) Employ at least one full-time staﬀ member with subject-matter expertise in Federal
1988	taxation or Federal tax related matters, including ethics. That staﬀ member must be
1989	qualified to evaluate continuing education provider programs as outlined in Circular 230.
1990	
1991	.02 Requirements. Any organization identified as an accrediting organization must:
1992	
1993	(1) Comply with all IRS guidance and requirements, including Circular 230. The IRS may
1994	
1995	require an accrediting organization to provide additional information regarding such
1996	compliance. The IRS may revoke an organization’s status as an accrediting organization if
1997	the organization fails to adequately and timely respond to the IRS’s request for information.
1998	
1999	(2) Have an established process for in-depth reviews of selected approved continuing
2000	education providers on an annual basis.
2001	
2002	(3) Act only as an approver of continuing education providers, and not oﬀer Federal tax
2003	related continuing education commercially.
2004	
2005	(4) Respond to IRS requests for information regarding the individuals or entities approved
2006	or not approved as continuing education providers.
2007	
2008	.03 How to Apply. An organization seeking to be identified as an accrediting organization
2009	authorized to approve individuals and entities as continuing education providers may apply
2010	by providing the information set forth in section 4.04 below. The applicant must include all
2011	relevant information required by this revenue procedure, including how the organization
2012	meets the standards described in section 4.01 above, in the application. Completed
2013	applications must be sent to:
2014	
2015	Internal Revenue Service
2016	Attention: RPO Continuing
2017	Education Program
2018	Rm. 7238 IR
2019	1111 Constitution Ave., NW
2020	Washington, DC 20224
2021	
2022	Applicants will be notified, in writing, whether the application has been approved. Only
2023	after an applicant has received written notification of approval from the IRS may the
2024	accrediting organization begin accepting applications from individuals or entities seeking to
2025	become a continuing education provider under section 10.9(a)(1)(iii). Individuals or entities
2026	approved by the accrediting organization as a continuing education provider under section
2027	10.9(a)(1)(iii) must obtain a provider number and program number(s) from the IRS by filing
2028	a completed Form 8498, Continuing Education Provider Application and Request for Provider
2029	Number, (and pay any applicable fee) online at www.irs.gov/taxpros/ce or they may request
2030	a paper application by calling the IRS Continuing Education Provider Processing Center at 1-
2031	855-296-3150 (toll-free) in the United States or 202-499-5606 (not a toll-free call) outside the
2032	United States. The processing time for a paper application will be six to eight weeks.
2033	Continuing education providers who have been approved by an accrediting organization
2034	may oﬀer continuing education for purposes of section 10.6 only after they have received a
2035	continuing education provider number and program number(s) from the IRS, and followed
2036	all applicable procedures prescribed by the IRS.
2037	
2038	An accrediting organization must renew its status as an accrediting organization every three
2039	calendar years as prescribed in forms, instructions, or other appropriate guidance. The
2040	renewal period will be from July through September of the applicable renewal year.
2041	
2042	.04 Required Information. Any organization seeking to be identified as an accrediting
2043	organization that may approve individuals and entities as continuing education providers
2044	under section 10.9(a)(1)(iii) must provide the following information, including any
2045	supporting documentation, in its application to be identified as an accrediting organization:
2046	
2047	(1) Full name, mailing address, telephone number, and web address (URL) of the
2048	organization.
2049	
2050	(2) Tax identification number of the organization.
2051	
2052	(3) Name and contact information of the organization’s point of contact, including mailing
2053	address, telephone number, and e-mail address.
2054	
2055	(4) Description of the requirements an individual or entity must meet to obtain the
2056	organization’s approval as a continuing education provider. Supporting documentation
2057	must be attached.
2058	
2059	(5) Description of the organization’s experience and qualifications evaluating continuing
2060	education providers.
2061	
2062	(6) Description of the process the organization uses to review applications it receives from
2063	continuing education providers and to ensure that continuing education providers will
2064	comply with the standards set forth in Circular 230, requirements described in section 5.02
2065	below, and any other standards prescribed by the IRS in other appropriate guidance.
2066	Supporting documentation must be attached.
2067	
2068	(7) Statement that the organization will not directly or indirectly oﬀer continuing education
2069	in Federal tax matters or ethics commercially during any period that the organization is
2070	operating as an accrediting organization.
2071	
2072	(8) Statement that the organization agrees to comply with all IRS guidance and
2073	requirements, including Circular 230.
2074	
2075	(9) Statement that the organization acknowledges that its status as an IRS accrediting
2076	organization is subject to review at any time by the IRS, including but not limited to, IRS
2077	requests for information about the organization’s review and approval process, interviews,
2078	and site visitations (including site visitations of the organization’s approved continuing
2079	education providers). Statement also must acknowledge that the organization’s failure to
2080	provide any data or information requested by the IRS or its denial of an IRS site visitation
2081	may result in suspension or revocation of its accrediting organization status.
2082	
2083	(10) Signed and dated statement by the organization’s point of contact (see section 4.04(3))
2084	or an oﬀicer, partner, member, or owner of the organization providing that the individual
2085	has examined and read the application and all accompanying information and to the best of
2086	the individual’s knowledge and belief, the information provided is true, correct, and
2087	complete. The statement must be made under penalties of perjury and acknowledge that
2088	any false or misleading information may result in criminal penalties and/or the denial or
2089	termination of the organization’s status as an accrediting organization.
2090	
2091	SECTION 5. CONTINUING EDUCATION PROVIDERS
2092	
2093	.01 General. Individuals or entities approved as a continuing education provider under
2094	section 10.9(a)(1)(i), (ii), or (iii) are required to obtain and renew annually a continuing
2095	education provider number. These continuing education providers also are required to
2096	obtain continuing education program numbers for each qualifying program they intend to
2097	oﬀer. Continuing education providers may obtain and renew their continuing education
2098	provider numbers and program numbers by submitting a completed Form 8498, Continuing
2099	Education Provider Application and Request for Provider Number, online at
2100	www.irs.gov/taxpros/ce or they may request a paper application by calling the IRS
2101	Continuing Education Provider Processing Center at 1-855-296-3150 (toll-free) in the United
2102	States or 202-499-5606 (not a toll-free call) outside the United States. The processing time
2103	for a paper application will be six to eight weeks. Continuing education providers may be
2104	required to pay a reasonable annual fee to the third-party vendor who administers this
2105	program for the IRS. The third-party vendor will not charge an additional fee if a continuing
2106	education provider adds programs during a calendar year.
2107	
2108	Individuals or entities approved as a continuing education provider may be required, as
2109	prescribed by the IRS and the third-party vendor, to provide identifying information of
2110	preparer tax identification number holders who successfully complete programs with IRS
2111	program numbers.
2112	
2113	Continuing education providers must have a current or otherwise valid continuing
2114	education provider number prior to advertising that programs oﬀered by the provider may
2115	be used to meet any IRS continuing education requirements. Additionally, any program
2116	oﬀered by a continuing education provider must have a current or otherwise valid program
2117	number before the continuing education provider advertises that the program meets IRS
2118	requirements for continuing education.
2119	
2120	.02 Requirements. Any individual or organization approved as a continuing education
2121	provider must:
2122	
2123	(1) Oﬀer continuing education programs designed to enhance professional knowledge in
2124	Federal taxation or Federal tax related matters, including ethics, consistent with the Internal
2125	Revenue Code and principles of eﬀective tax administration.
2126	
2127	a) If the continuing education program will be oﬀered for the purpose of qualifying for
2128	continuing education credit for registered tax return preparers, the program must directly
2129	relate to the preparation of Federal tax returns or Federal tax ethics.
2130	
2131	b) If the continuing education program will be oﬀered for the purpose of qualifying for
2132	continuing education credit for enrolled retirement plan agents, the program must enhance
2133	the participant’s professional knowledge in qualified retirement plan matters, including
2134	ethics.
2135	
2136	Continuing education programs focused primarily on state tax related matters generally will
2137	not be eligible for continuing education credit unless the instructional material
2138	demonstrates that the program is designed to illustrate the diﬀerence between state law
2139	and Federal law in the same tax related matter. Providers oﬀering continuing education
2140	programs with only limited professional benefit not designed to improve skills related to
2141	Federal tax related matters will not be approved.
2142	
2143	(2) Provide continuing education program content that is accurate, current, and eﬀectively
2144	designed to communicate content through program materials, activities, and delivery
2145	systems, whether classroom-based, computer-based, or for self-study.
2146	
2147	(3) Use continuing education program presenters, instructors, discussion leaders, and
2148	speakers who have subject-matter expertise in Federal taxation or Federal tax related
2149	matters, including ethics, as well as demonstrable teaching and communication skills.
2150	
2151	(4) Comply with any standards set forth in Circular 230 and any other standards prescribed
2152	by the IRS in other appropriate guidance.
2153	
2154	(5) Ensure that all continuing education programs are developed and written by
2155	individual(s) with expertise in Federal tax related matters, or ethics in the case of an ethics
2156	program.
2157	
2158	(6) Provide continuing education programs that utilize materials specifically developed for
2159	instructional use. General professional literature or IRS publications and reference manuals
2160	may be used only to supplement specific program materials.
2161	
2162	(7) Review and update programs periodically, at least annually, to ensure accuracy and
2163	consistency with currently accepted standards relating to the program’s subject matter. This
2164	review must be conducted by a qualified individual to ensure that the program is current,
2165	technically accurate, and addresses the stated learning objectives.
2166	
2167	(8) Provide a means for evaluation of attendees’ successful completion of the program.
2168	Providers must ensure that self-study programs include verification of completion of
2169	required material and demonstrated mastery of program content.
2170	
2171	(9) Develop programs that meet the standards of Circular 230 for continuing education
2172	credit earned upon completion, based upon the standard of 50 minutes of contact time
2173	required for 1 continuing education credit earned. Credit is granted only for a full contact
2174	hour of 50 minutes, or multiples thereof; no credit will be awarded for partial continuing
2175	education consisting of less than 50 minutes of contact time.
2176	
2177	(10) Collect and maintain reliable records to document participation and attendance, and
2178	issue certificates with IRS program numbers to students upon successful completion.
2179	
2180	(11) Provide for voluntary program evaluations by individuals who have completed the
2181	program. The provider must ensure that participants have an opportunity to provide
2182	feedback concerning the quality and knowledge of the speaker/instructor, the quality of
2183	program materials, and whether the program met stated objectives. Any participant
2184	evaluations received by the provider must be made available to the IRS on request.
2185	
2186	.03 How to Apply to Become a Section IV CE Provider. Individuals or entities that do not meet
2187	the requirements of section 10.9(a)(1)(i), (ii), or (iii) may apply to the IRS for approval as a
2188	section iv CE provider. An applicant under section 10.9(a)(1)(iv) must apply for status as a
2189	section iv CE provider by submitting a completed Form 8498, Continuing Education Provider
2190	Application and Request for Provider Number, online at www.irs.gov/taxpros/ce or these
2191	individuals or entities may request a paper application by calling the IRS Continuing
2192	Education Provider Processing Center at 1-855-296-3150 (toll-free) in the United States or
2193	202-499-5606 (not a toll-free call) outside the United States. The processing time for a paper
2194	application will be six to eight weeks. The applicant also must pay any applicable third-
2195	party vendor fee with the application and include all relevant information required in the
2196	application, including how the section iv CE provider meets the requirements described in
2197	section 5.02 above. Approved applicants will receive a continuing education provider
2198	number and program numbers and must renew their status annually in accordance with
2199	section 5.01 above.
2200	
2201	SECTION 6. PAPERWORK REDUCTION ACT
2202	
2203	The collection of information contained in this revenue procedure has been reviewed and
2204	approved by the Oﬀice of Management and Budget in accordance with the Paperwork
2205	Reduction Act of 1995 (44 U.S.C. 3507(d)) under control number 1545-1726.
2206	
2207	An agency may not conduct or sponsor, and a person is not required to respond to, a
2208	collection of information unless it displays a valid control number.
2209	
2210	The collection of information in this revenue procedure is in sections 4 and 5. This
2211	information is required in order for the IRS to ensure that individuals and organizations
2212	permitted to provide continuing education or accredit others to provide continuing
2213	education meet all of the appropriate procedures and standards for education in Federal
2214	tax practice. The likely respondents are individuals and organizations that want to provide
2215	continuing education or accredit others to provide continuing education.
2216	
2217	The estimated total annual reporting or recordkeeping burden is 2,750 hours.
2218	
2219	The estimated annual burden per respondent/recordkeeper varies from .6 hours to 1 hour,
2220	depending on individual circumstances, with an estimated average of .75 hours. The
2221	estimated number of respondents or recordkeepers is 3,000.
2222	
2223	The estimated frequency of responses (used for reporting requirements only) under section
2224	4 is once every three years; the estimated frequency of responses under section 5 is twice
2225	annually.
2226	
2227	Books or records relating to a collection of information must be retained as long as their
2228	contents might become material in the administration of any internal revenue law.
2229	
2230	SECTION 7. EFFECTIVE DATE
2231	
2232	This revenue procedure is eﬀective December 6, 2011.
2233	
2234	SECTION 8. DRAFTING INFORMATION
2235	
2236	The principal author of this revenue procedure is Janet Engel Kidd of the Oﬀice of Associate
2237	Chief Counsel (Procedure & Administration). For further information regarding this revenue
2238	procedure, contact Janet Engel Kidd at (202) 622-4940 (not a toll-free call).
2239	
2240	
2241	Part IV. Items of General Interest
2242	REG-149625-10
2243	
2244	Notice of Proposed Rulemaking Application of the Segregation Rules to
2245	Small Shareholders
2246	
2247	AGENCY:
2248	
2249	Internal Revenue Service (IRS), Treasury.
2250	
2251	ACTION:
2252	
2253	Notice of proposed rulemaking.
2254	
2255	SUMMARY:
2256	
2257	This document contains proposed regulations under section 382 of the Internal Revenue
2258	Code (Code). These proposed regulations provide guidance regarding the application of the
2259	segregation rules to public groups under section 382 of the Code. These regulations aﬀect
2260	corporations.
2261	
2262	DATE:
2263	
2264	Written or electronic comments and requests for a public hearing must be received by
2265	February 21, 2012.
2266	
2267	ADDRESSES:
2268	
2269	Send submissions to: CC:PA:LPD:PR (REG-149625-10), room 5203, Internal Revenue Service,
2270	PO Box 7604, Ben Franklin Station, Washington, DC 20044. Submissions may be hand
2271	delivered Monday through Friday between the hours of 8 a.m. and 4 p.m. to CC:PA:LPD:PR
2272	(REG-149625-10), Courier’s Desk, Internal Revenue Service, 1111 Constitution Avenue, NW,
2273	Washington, DC, or sent electronically via the Federal eRulemaking Portal at
2274	http://www.regulations.gov/ (IRS REG-149625-10).
2275	
2276	FOR FURTHER INFORMATION CONTACT:
2277	
2278	Concerning the proposed regulations, Stephen R. Cleary, (202) 622-7750; concerning
2279	submission of comments or to request a public hearing, Oluwafunmilayo (Funmi) P. Taylor,
2280	(202) 622-7180 (not toll-free numbers).
2281	
2282	SUPPLEMENTARY INFORMATION:
2283	Background
2284	
2285	1. Segregation and Aggregation — Statute, Legislative History, and Current Regulations
2286	
2287	Section 382 imposes a limitation on a corporation’s use of net operating loss carryovers
2288	following a change in ownership. The legislative history explains that a limitation is
2289	necessary following a change in ownership because new shareholders otherwise would
2290	have an opportunity to contribute income-producing assets (or divert income
2291	opportunities) to the corporation, thus inappropriately accelerating the use of net operating
2292	loss carryovers. The section 382 limitation is intended to prevent a corporation from
2293	obtaining greater loss utilization than it could have achieved absent a change in ownership.
2294	S. Rep. No. 99-313 at 232 (1986).
2295	
2296	A loss corporation has an ownership change if the percentage of stock of a loss corporation
2297	that is owned by one or more 5-percent shareholders has increased by more than 50
2298	percentage points over the lowest percentage of stock of the loss corporation owned by
2299	such shareholders at any time during the testing period (generally, a three-year period). For
2300	purposes of section 382, the attribution rules of section 318(a)(2) apply, without limitation,
2301	to treat individuals as the owners of loss corporation stock. Pursuant to section 382(g)(4)(A),
2302	individual shareholders who own less than five percent of a loss corporation are aggregated
2303	and treated as a single 5-percent shareholder (a public group).
2304	
2305	The regulations extend the public group concept to situations in which a loss corporation is
2306	owned by one or more entities, as defined in §1.382-3(a) (generally, partnerships,
2307	corporations, estates, and trusts). If an entity directly or indirectly owns five percent or more
2308	of the loss corporation, that entity has its own public group if its owners who are not 5-
2309	percent shareholders own, in the aggregate, five percent or more of the loss corporation.
2310	(Such an entity is referred to as a 5-Percent Entity in this preamble.)
2311	
2312	The segregation rules, which are generally contained in §1.382-2T(j), and the exceptions
2313	thereto, which are generally contained in §1.382-3(j), apply to certain transactions aﬀecting
2314	ownership by the loss corporation’s direct public group and by the public groups of a 5-
2315	Percent Entity. The application of the segregation rules results in the creation of a new
2316	public group in addition to the one (or more) that existed previously. That new group is
2317	treated as a new 5-percent shareholder that increases its ownership interest in the loss
2318	corporation.
2319	
2320	Section 382(g)(4)(B) mandates application of the segregation rules to transactions
2321	constituting equity structure shifts of the loss corporation. Generally, equity structure shifts
2322	are acquisitive asset reorganizations and recapitalizations under section 368. Section 382(g)
2323	(3)(B) provides regulatory authority to treat public oﬀerings and similar transactions as
2324	equity structure shifts. Pursuant to that authority, the current segregation rules, subject to
2325	the cash issuance and small issuance exceptions (described in this preamble), treat
2326	issuances of stock under section 1032, redemptions, and redemption-like transactions as
2327	segregation events. The segregation rules also apply to transfers of loss corporation stock
2328	by an individual 5-percent shareholder to public shareholders and a 5-Percent Entity’s
2329	transfer of loss corporation stock to public shareholders.
2330	
2331	The small issuance and cash issuance exceptions exempt certain amounts of stock
2332	issuances from the segregation rules. Generally, the small issuance exception exempts the
2333	total amount of stock issued during a taxable year to the extent it does not exceed 10
2334	percent of the total value of the corporation’s outstanding stock at the beginning of the
2335	taxable year or 10 percent of the class of stock issued and outstanding at the beginning of
2336	the taxable year (the small issuance limitation). However, the small issuance exception does
2337	not apply to any issuance of stock that, by itself, exceeds the small issuance limitation. If
2338	stock is issued solely for cash, the cash issuance exception exempts a percentage of the
2339	total stock issued equal to 50 percent of the aggregate percentage ownership interest of the
2340	public groups of the corporation immediately before the issuance. In determining the size
2341	of the issuance for this purpose, stock issued to 5-percent shareholders is taken into
2342	account. If the small issuance exception excludes only a portion of a stock issuance, the
2343	cash issuance exception may apply to the portion not excluded under the small issuance
2344	exception. Pursuant to a grant of regulatory authority in section 382(m)(4), the small
2345	issuance exception can apply to recapitalizations, but otherwise, neither exception applies
2346	to equity structure shifts.
2347	2. Notice 2010-49
2348	
2349	Notice 2010-49, 2010-27 I.R.B. 10, invited public comment relating to possible modifications
2350	to the regulations under section 382 regarding the treatment of shareholders who are not 5-
2351	percent shareholders (Small Shareholders). See §601.601(d)(2)(ii)(b).
2352	
2353	Notice 2010-49 describes two general approaches — the Ownership Tracking Approach and
2354	the Purposive Approach — and sets forth some of the policy considerations underlying each
2355	approach. Both approaches recognize that a primary abuse section 382 seeks to prevent
2356	involves an acquisition of loss corporation stock followed by the contribution of income-
2357	producing assets or the diversion of income-producing opportunities to the corporation.
2358	The two approaches diﬀer, however, in the extent they seek to identify and limit their eﬀect
2359	to circumstances in which that abuse is most likely to occur.
2360	
2361	Under the Ownership Tracking Approach, generally it is of no significance whether the
2362	shareholders who increase their ownership are Small Shareholders or 5-percent
2363	shareholders. This approach ensures that abusive transactions are addressed by tracking all
2364	changes in ownership without regard to their particular circumstances. Thus, any
2365	transaction that allows the corporation to track the increase in ownership interests held by
2366	Small Shareholders results in the segregation of Small Shareholders into a new public
2367	group, which is treated as a 5-percent shareholder. However, the Ownership Tracking
2368	Approach makes a concession to administrative convenience and acknowledges that
2369	“public trading,” which is the purchase by one Small Shareholder of stock from another
2370	Small Shareholder, should not be taken into account because it is unduly burdensome for a
2371	corporation to take into account all such transactions. See §1.382-2T(e)(1)(ii).
2372	
2373	Consistent with the purpose of section 382, the Purposive Approach seeks to identify more
2374	specifically the circumstances in which abuses are likely to arise. This approach reflects the
2375	view that it is unnecessary to take into account all readily identifiable acquisitions of stock
2376	by Small Shareholders, because Small Shareholders generally are not in a position to
2377	acquire loss corporation stock in order to contribute income-producing assets or divert
2378	income-producing opportunities.
2379	
2380	The current regulations primarily reflect the Ownership Tracking Approach. Although
2381	certain provisions may seem to follow the Purposive Approach, their justification is
2382	nevertheless based upon the Ownership Tracking Approach. For example, the cash issuance
2383	exception of §1.382-3(j)(3) reduces the segregation eﬀect of an issuance of stock to Small
2384	Shareholders but is justified on the grounds that there is likely to be substantial overlap
2385	between Small Shareholders who acquire stock in such an issuance and the Small
2386	Shareholders who already own stock.
2387	Explanation of Provisions
2388	
2389	1. Overview
2390	
2391	The IRS and the Treasury Department received a range of comments in response to Notice
2392	2010-49. Some comments endorsed substantial changes to the existing regulations, while
2393	others supported changes within the existing regulatory framework. One commenter
2394	supporting more modest changes to the existing regulations suggested that an overhaul of
2395	the current regulations likely would produce new uncertainties and complexities.
2396	Additionally, the comment observed that revisions allowing substantial infusions of capital
2397	into a loss corporation without section 382 implications would be counter to section 382
2398	policies.
2399	
2400	After consideration of the comments received, these regulations propose revisions
2401	following the Purposive Approach within the existing regulatory framework. Consistent with
2402	the Purposive Approach, these proposed regulations are intended to lessen the
2403	administrative burden and section 382 implications associated with transactions that are
2404	unlikely to implicate section 382 policy concerns. In general, these proposed regulations
2405	employ objective criteria to implement the Purposive Approach. The IRS and the Treasury
2406	Department believe that, where practicable, objective rules best serve the interests of loss
2407	corporations that desire certainty with respect to their section 382 positions, and best serve
2408	the interests of the government in fairly and consistently administering a complex statutory
2409	scheme.
2410	
2411	Comments that embraced a more fundamental reform of the existing regulations were not
2412	incorporated into this proposal primarily because the approaches introduced significant
2413	subjectivity. For example, one commenter suggested that, subject to an anti-abuse rule, the
2414	segregation rules should not apply to redemption transactions. Another commenter
2415	suggested that if certain stock issuances and redemptions of Small Shareholders are
2416	suﬀiciently related, those transactions should be treated as public trading. These
2417	suggestions were not incorporated in favor of proposals that will provide greater certainty
2418	of result to the government and to loss corporations.
2419	2. Proposed Revisions
2420	
2421	A. Inapplicability of the Segregation Rules to Certain Secondary Transfers
2422	
2423	Several of the comments supported rendering the segregation rules inoperative to transfers
2424	of loss corporation stock to Small Shareholders by 5-Percent Entities or individuals who are
2425	5-percent shareholders. These comments also supported relief from the segregation rules
2426	for transactions in which an ownership interest in a 5-Percent Entity is transferred to a
2427	public owner or a 5-percent owner who is not a 5-percent shareholder.
2428	
2429	The IRS and the Treasury Department agree that adoption of these exceptions is
2430	appropriate because these transactions do not introduce new capital into the loss
2431	corporation and because direct or indirect ownership of the loss corporation becomes less
2432	concentrated, thus diminishing the opportunity for loss traﬀicking. Furthermore, limiting
2433	the creation of additional public groups where loss traﬀicking is not implicated simplifies
2434	tax compliance and administration. Accordingly, these proposed regulations generally
2435	render the segregation rules inoperative to transfers of loss corporation stock to Small
2436	Shareholders by 5-Percent Entities or individuals who are 5-percent shareholders. In these
2437	cases, the stock transferred will be treated as being acquired proportionately by the public
2438	groups existing at the time of the transfer. This rule also applies to transfers of ownership
2439	interests in 5-Percent Entities to public owners and to 5-percent owners who are not 5-
2440	percent shareholders.
2441	B. Inapplicability of the Segregation Rules to Certain Redemptions
2442	
2443	Two of the comments supported limiting application of the segregation rules in the case of
2444	redemptions. These commenters observed that, generally, a loss corporation’s redemption
2445	of its stock from Small Shareholders does not raise loss traﬀicking concerns because (i) the
2446	capital of the loss corporation is contracting, and (ii) Small Shareholders generally cannot
2447	traﬀic in losses. One comment supported a rule that would, subject to an anti-abuse rule,
2448	render the segregation rules inapplicable to all redemptions. In addition to supporting the
2449	inapplicability of the segregation rules to all redemptions, the comment supported an
2450	objective rule for exempting redemptions based upon the mechanics of the small issuance
2451	exception.
2452	
2453	In general, these proposed regulations adopt a rule based upon the mechanics of the small
2454	issuance exception to obviate the need for a subjective anti-abuse rule. Like the small
2455	issuance exception, this exception for redemptions exempts from segregation, at the loss
2456	corporation’s option, either 10 percent of the total value of the loss corporation’s stock at
2457	the beginning of the taxable year, or 10 percent of the number of shares of the redeemed
2458	class outstanding at the beginning of the taxable year. Where this exception applies, each
2459	public group existing immediately before the redemption will be treated as redeeming its
2460	proportionate share of exempted stock.
2461	
2462	Like the small issuance exception, the small redemption exception will allow a loss
2463	corporation to plan its aﬀairs as of the beginning of each taxable year. Furthermore,
2464	consistent with the Purposive Approach, the exception reduces administrative burden and
2465	the section 382 impact of transactions in which the abuses that section 382 is intended to
2466	prevent are unlikely to arise.
2467	C. Inapplicability of the Segregation Rules to 5-Percent Entities in Certain Circumstances
2468	
2469	One commenter expressed the need for relief from tracking shifts of ownership by Small
2470	Shareholders of 5-Percent Entities. The comment expressed that, in many cases, a loss
2471	corporation cannot obtain information relating to this ownership — either because the
2472	entity chooses not to respond or because the entity is prohibited from sharing information
2473	regarding its owners with the loss corporation. The inability to obtain this information may
2474	restrict capital-raising activities beyond what section 382 requires, because the loss
2475	corporation may choose to make worst-case assumptions about shifts in ownership when
2476	the relevant information cannot be obtained. The IRS and the Treasury Department agree
2477	that it is appropriate to provide relief in situations in which tracking shifts in ownership by
2478	Small Shareholders does not further the policy objectives of section 382. Furthermore, the
2479	IRS and the Treasury Department recognize that application of the segregation rules and
2480	the exceptions thereto present compliance issues for taxpayers and issues of tax
2481	administration for the government. Accordingly, these proposed regulations limit the
2482	situations in which the segregation rules apply to situations that potentially implicate the
2483	policies underlying section 382.
2484	
2485	Under these proposed regulations, the segregation rules will not apply to a transaction if,
2486	on a testing date on which the rules would otherwise apply (i) the 5-Percent Entity owns ten
2487	percent or less (by value) of all the outstanding stock of the loss corporation (the ownership
2488	limitation), and (ii) the 5-Percent Entity’s direct or indirect investment in the loss
2489	corporation does not exceed 25 percent of the entity’s gross assets (the asset threshold). For
2490	purposes of the asset threshold, the entity’s cash and cash items within the meaning of
2491	section 382(h)(3)(B)(ii) are not taken into account. Generally, the loss corporation may
2492	establish the ownership limitation through either actual knowledge or, absent actual
2493	knowledge to the contrary, the presumptions regarding stock ownership in §1.382-2T(k)(1).
2494	
2495	The IRS and the Treasury Department believe that the proposal strikes an appropriate
2496	balance between reducing complexity and safeguarding section 382 policies. The proposal
2497	will enable loss corporations to disregard indirect changes in its ownership that may, under
2498	the current regulations, require burdensome information gathering and may unnecessarily
2499	impede the loss corporation’s ability to reorganize its aﬀairs. At the same time, however, the
2500	proposal imposes criteria that protect the government’s interests. The asset threshold
2501	makes it unlikely that the loss corporation’s attributes motivate transactions in the equity of
2502	5-Percent Entities. Additionally, like the small issuance exception and the relief for
2503	redemptions that appears elsewhere in this proposal, the ownership limitation makes it
2504	unlikely that transactions among Small Shareholders one or more tiers removed from the
2505	loss corporation implicate loss traﬀicking concerns. (Note that the asset threshold and the
2506	ownership limitation do not apply to the exception for secondary transfers described
2507	elsewhere in this preamble because secondary transfers do not implicate the same policy
2508	concerns as transactions in which loss corporations can obtain additional capital.)
2509	D. Clarification of §1.382-2T(j)(3)
2510	
2511	Section 1.382-2T(j)(3) provides that, in general, the segregation rules apply to sales of loss
2512	corporation stock by individual 5-percent shareholders and by first tier entities. This section
2513	further provides that the “principles” of the foregoing apply to “transactions in which an
2514	ownership interest in a higher tier entity that owns five percent or more of the loss
2515	corporation (without regard to §1.382-2T(h)(2)(i)(A)) or a first tier entity is transferred to a
2516	public owner or a 5-percent owner who is not a 5-percent shareholder.” This proposed
2517	regulation clarifies that the segregation rules apply to such a transfer only if the seller
2518	indirectly owns five percent or more of the loss corporation. In the case of a sale by an
2519	entity, ownership is determined without regard to §1.382-2T(h)(2)(i)(A).
2520	E. Small Issuance and Cash Issuance Exceptions
2521	
2522	Several of the comments requested expansion of the small issuance and cash issuance
2523	exceptions as a percentage of stock that is exempted from the segregation rules. Some of
2524	these comments also suggested that the cash issuance exception should apply to issuances
2525	of stock for non-cash property, including debt.
2526	
2527	As previously discussed, transactions that infuse new capital into a loss corporation are of
2528	particular concern to section 382 policies because the capital infusion can accelerate the
2529	use of tax attributes. This is the case even if the new investors are Small Shareholders.
2530	Moreover, in its current form, the cash issuance exception dilutes the owner shifts that are
2531	attributable to capital-raising transactions.
2532	
2533	The IRS and the Treasury Department request comments as to whether further refinement
2534	of either or both of these exceptions might be warranted in the context of any potential
2535	expansion of the exceptions proposed in this document.
2536	F. Coordinated Acquisitions
2537	
2538	Questions have arisen concerning the application of §1.382-3(a), which provides, in part,
2539	that a group of persons making a coordinated acquisition of stock can constitute an entity
2540	for purposes of section 382. Adding additional distinctions between larger and smaller
2541	shareholders, as proposed here, will increase the significance of this provision. The IRS and
2542	the Treasury Department are interested in comments as to circumstances under which a
2543	group of investors should be aggregated into a single entity based on their understandings
2544	or communications with each other or with third persons, such as the loss corporation or an
2545	underwriter.
2546	Special Analyses
2547	
2548	It has been determined that this notice of proposed rulemaking is not a significant
2549	regulatory action as defined in Executive Order 12866, as supplemented by Executive Order
2550	13563. Therefore, a regulatory assessment is not required. It is hereby certified that these
2551	regulations will not have a significant economic impact on a substantial number of small
2552	entities. The certification is based on the fact that this rule would not impose new burdens
2553	on small entities and in fact, may reduce the recordkeeping burden on small entities.
2554	Therefore, a Regulatory Flexibility Analysis under the Regulatory Flexibility Act (5 U.S.C.
2555	chapter 6) is not required. Pursuant to section 7805(f) of the Code, this notice of proposed
2556	rulemaking has been submitted to the Chief Counsel for Advocacy of the Small Business
2557	Administration for comment on its impact on small business.
2558	Comments and Request for a Public Hearing
2559	
2560	Before these proposed regulations are adopted as final regulations, consideration will be
2561	given to any written comments (a signed original and eight (8) copies) or electronic
2562	comments that are submitted timely to the IRS. In addition to the specific requests for
2563	comments made elsewhere in this preamble, the IRS and the Treasury Department
2564	specifically request comments on the clarity of the proposed regulations and how they may
2565	be made easier to understand. All comments will be available for public inspection at
2566	www.regulations.gov or upon request. A public hearing may be scheduled if requested in
2567	writing by any person who timely submits written comments. If a public hearing is
2568	scheduled, notice of the date, time, and place of the hearing will be published in the
2569	Federal Register.
2570	
2571	Proposed Amendments to the Regulations
2572	
2573	Accordingly, 26 CFR part 1 is proposed to be amended as follows:
2574	
2575	PART 1—INCOME TAXES
2576	
2577	Paragraph 1. The authority citation for part 1 continues to read in part as follows:
2578	
2579	Authority: 26 U.S.C. 7805 * * *
2580	
2581	Section 1.382-3 also issued under 26 U.S.C. 382(g)(4)(C) and 26 U.S.C. 382(m). * * *
2582	
2583	Par. 2. Section 1.382-3 is amended as follows:
2584	
2585	1. Adding paragraph (i).
2586	
2587	2. Revising the heading of paragraph (j) and the introductory text of paragraph (j)(1).
2588	
2589	3. Redesignating paragraphs (j)(13) and (j)(14) as (j)(16) and (j)(17).
2590	
2591	4. Adding new paragraphs (j)(13) through (j)(14).
2592	
2593	5. Adding new Examples 5, 6, 7, 8, 9, 10, 11, and 12 to newly redesignated paragraph (j)(16).
2594	
2595	6. Revising newly redesignated paragraph (j)(17).
2596	
2597	The revisions and additions read as follows:
2598	
2599	§1.382-3 Definitions and rules relating to a 5-percent shareholder.
2600	
2601	*****
2602	
2603	(i) Segregation rules applicable to transactions involving first tier or higher tier entities—(1) In
2604	general. The last sentence of §1.382-2T(j)(3)(i) applies only if the transferor of the ownership
2605	interest indirectly owns five percent or more of the loss corporation. If the transferor is an
2606	entity, ownership is determined without regard to the application of §1.382-2T(h)(2)(i)(A).
2607	
2608	(2) Eﬀective/Applicability date. This paragraph (i) applies to testing dates occurring on or
2609	after the date these regulations are published as final regulations in the Federal Register.
2610	
2611	(j) Modification of the segregation rules of §1.382-2T(j)(2)(iii) and (3)—(1) Introduction. This
2612	paragraph (j) exempts, in whole or in part, certain transfers of stock from the segregation
2613	rules of §1.382-2T(j)(2)(iii) and (3). Terms and nomenclature used in this paragraph (j), and
2614	not otherwise defined herein, have the same meanings as in section 382 and the regulations
2615	issued under section 382.
2616	
2617	*****
2618	
2619	(13) Secondary transfer exception. The segregation rules of §1.382-2T(j)(3)(i) will not apply to
2620	the transfer of a direct ownership interest in the loss corporation by a first tier entity or an
2621	individual that owns five percent or more of the loss corporation to public shareholders.
2622	Instead, each public group existing at the time of the transfer will be treated under §1.382-
2623	2T(j)(3)(i) as acquiring its proportionate share of the stock exempted from the application of
2624	§1.382-2T(j)(3)(i). The segregation rules also will not apply if an ownership interest in an
2625	entity that owns five percent or more of the loss corporation (determined without regard to
2626	the application of §1.382-2T(h)(2)(i)(A)) is transferred by either a 5-percent owner that is a 5-
2627	percent shareholder or a higher tier entity owning five percent or more of the loss
2628	corporation (determined without regard to the application of §1.382-2T(h)(2)(i)(A)),
2629	provided that the transferee is either a public owner or a 5-percent owner who is not a 5-
2630	percent shareholder. Instead, each public group of the entity existing at the time of the
2631	transfer is treated under §1.382-2T(j)(3)(i) as acquiring its proportionate share of the
2632	transferred ownership interest.
2633	
2634	(14) Small redemption exception—(i) In general. Section 1.382-2T(j)(2)(iii)(C) does not apply
2635	to a small redemption (as defined in paragraph (j)(14)(ii) of this section), except to the
2636	extent that the total amount of stock redeemed in that redemption and all other small
2637	redemptions previously made in the same taxable year (determined in each case on
2638	redemption) exceeds the small redemption limitation. This paragraph (j)(14) does not apply
2639	to a redemption of stock that, by itself, exceeds the small redemption limitation.
2640	
2641	(ii) Small redemption defined. Small redemption means a redemption of public shareholders
2642	by the loss corporation of an amount of stock not exceeding the small redemption
2643	limitation.
2644	
2645	(iii) Small redemption limitation—(A) In general. For each taxable year, the loss corporation
2646	may, at its option, apply this paragraph (j)(14)—
2647	
2648	(1) On a corporation-wide basis, in which case the small redemption limitation is 10 percent
2649	of the total value of the loss corporation’s stock outstanding at the beginning of the taxable
2650	year (excluding the value of stock described in section 1504(a)(4)); or
2651	
2652	(2) On a class-by-class basis, in which case the small redemption limitation is 10 percent of
2653	the number of shares of the class redeemed that are outstanding at the beginning of the
2654	taxable year.
2655	
2656	(B) Class of stock defined. For purposes of this paragraph (j)(14)(iii), a class of stock includes
2657	all stock with the same material terms.
2658	
2659	(C) Adjustments for stock splits and similar transactions. Appropriate adjustments to the
2660	number of shares of a class outstanding at the beginning of a taxable year must be made to
2661	take into account any stock split, reverse stock split, stock dividend to which section 305(a)
2662	applies, recapitalization, or similar transaction occurring during the taxable year.
2663	
2664	(D) Exception. The loss corporation may not apply this paragraph (j)(14)(iii) on a class-by-
2665	class basis if, during the taxable year, more than one class of stock is redeemed in a single
2666	redemption (or in two or more redemptions that are treated as a single redemption under
2667	paragraph (j)(14)(v) of this section).
2668	
2669	(E) Short taxable years. In the case of a taxable year that is less than 365 days, the small
2670	redemption limitation is reduced by multiplying it by a fraction, the numerator of which is
2671	the number of days in the taxable year, and the denominator of which is 365.
2672	
2673	(iv) Proportionate redemption of exempted stock—(A) In general. Each direct public group
2674	that exists immediately before a redemption to which this paragraph (j)(14) applies is
2675	treated as having been redeemed of its proportionate share of the amount of stock
2676	exempted from the application of §1.382-2T(j)(2)(iii)(C) under this paragraph (j)(14).
2677	
2678	(B) Actual knowledge of greater redemption. Under the last sentence of §1.382-2T(k)(2), the
2679	loss corporation may treat direct public groups existing immediately before a redemption to
2680	which this paragraph (j)(14) applies as having been redeemed of more stock than the
2681	amount determined under paragraph (j)(14)(iv)(A) of this section, but only if the loss
2682	corporation actually knows that the amount redeemed from those groups in the
2683	redemption exceeds the amount so determined.
2684	
2685	(v) Certain related redemptions. For purposes of this paragraph (j)(14), two or more
2686	redemptions (including redemptions of stock by first tier or higher tier entities) are treated
2687	as a single redemption if—
2688	
2689	(A) The redemptions occur at approximately the same time pursuant to the same plan or
2690	arrangement; or
2691	
2692	(B) A principal purpose of redeeming the stock in separate redemptions rather than in a
2693	single redemption is to minimize or avoid an owner shift under the rules of this paragraph
2694	(j)(14).
2695	
2696	(vi) Certain non-stock ownership interests. As the context may require, a non-stock
2697	ownership interest in an entity other than a corporation is treated as stock for purposes of
2698	this paragraph (j)(14).
2699	
2700	(15) Exception for first tier and higher tier entities—(i) In general. The segregation rules of
2701	§1.382-2T(j)(3)(iii) will not apply if, after taking into account the results of such transaction
2702	and all other transactions occurring on that date—
2703	
2704	(A) The first tier or higher tier entity owns 10 percent or less (by value) of all the outstanding
2705	stock (without regard to §1.382-2(a)(3)) of the loss corporation; and
2706	
2707	(B) The entity’s direct or indirect investment in the loss corporation does not exceed 25
2708	percent of the entity’s gross assets. For this purpose, the entity’s cash and cash items within
2709	the meaning of section 382(h)(3)(B)(ii) are not taken into account.
2710	
2711	(ii) Special Rules. If paragraph (j)(15)(i) applies to combine one or more public groups, then
2712	—
2713	
2714	(A) the amount of increase in the percentage of stock ownership of the continuing public
2715	group will be the sum of its increase and a proportionate amount of any increase by any
2716	public group that is combined with the continuing public group (the former public group);
2717	and
2718	
2719	(B) the continuing public group’s lowest percentage ownership will be the sum of its lowest
2720	percentage ownership and a proportionate amount of the former public group’s lowest
2721	percentage ownership.
2722	
2723	(iii) Ownership of the loss corporation. In making the determination under paragraph (j)(15)
2724	(i)(A) of this section—
2725	
2726	(A) The rules of §1.382-2T(h)(2) will not apply;
2727	
2728	(B) The entity will be treated as owning the loss corporation stock that it actually owns, and
2729	any loss corporation stock if that stock would be attributed to the entity under section
2730	318(a) (without regard to paragraph (4) thereof unless an option is treated as exercised
2731	under §1.382-4(d)); and
2732	
2733	(C) The operating rules of paragraph (j)(15)(iv) of this section will apply.
2734	
2735	(iv) Operating Rules. Subject to the principles of §1.382-2T(k)(4), a loss corporation may
2736	establish the ownership limitation of paragraph (j)(15)(i)(A) of this section through either—
2737	
2738	(A) Actual knowledge; or
2739	
2740	(B) Absent actual knowledge to the contrary, the presumptions regarding stock ownership
2741	in §1.382-2T(k)(1).
2742	
2743	(16) Examples. * * *
2744	
2745	*****
2746	
2747	Example 5. Secondary transfer exception to segregation rules — no new public group. (i)
2748	Facts. L is owned 60 percent by one public group (Public L1) and 40 percent by another
2749	public group (Public L2). On July 1, 2010, A acquires 10 percent of L’s stock over a public
2750	stock exchange. On December 31, 2010, A sells all of his L stock over a public stock
2751	exchange. No individual or entity acquires as much as five percent of L’s stock as a result of
2752	A’s disposition of his L stock. On January 3, 2011, B acquires 10 percent of L’s stock over a
2753	public stock exchange. On June 30, 2011, B sells all of her L stock over a public stock
2754	exchange. No individual or entity acquires as much as five percent of L’s stock as a result of
2755	B’s disposition of her L stock.
2756	
2757	(ii) Analysis. The dispositions of the L stock by A and B are not transactions that cause the
2758	segregation of L’s direct public groups that exist immediately before the transaction (Public
2759	L1 and Public L2). When A and B sell their shares to public shareholders over the public stock
2760	exchange, the shares are treated as being reacquired by Public L1 and Public L2. As a result,
2761	Public L1’s ownership interest is treated as increasing from 54 percent to 60 percent during
2762	the testing period, and Public L2’s ownership interest is treated as increasing from 36
2763	percent to 40 percent during the testing period.
2764	
2765	Example 6. Secondary transfer exception — first tier entity. (i) Facts. L has a single class of
2766	common stock outstanding that is owned 60 percent by a direct public group (Public L) and
2767	40 percent by P. P is owned 20 percent by Individual A and 80 percent by a direct public
2768	group (Public P). On October 6, 2013, A sells 50 percent of his interest in P to B, an individual
2769	who is a member of Public P.
2770	
2771	(ii) Analysis. P is an entity that owns five percent or more of L. A is a 5-percent owner of P
2772	that is a 5-percent shareholder of L. Because A’s sale of the P stock is to a member of Public
2773	P, the disposition of the P stock by A is not a transaction that causes the segregation of P’s
2774	direct public group that exists immediately before the transaction (Public P). See paragraph
2775	(j)(13) of this section. When A sells his shares to B, the shares are treated as being acquired
2776	by Public P. As a result, Public P’s ownership interest in L is treated as increasing from 32
2777	percent to 36 percent during the testing period.
2778	
2779	Example 7. Small redemption exception. (i) Facts. L is a calendar year taxpayer. On January 1,
2780	2010, L has 1,060 shares of a single class of common stock outstanding, all of which are
2781	owned by a single direct public group (Public L). On July 1, 2010, L acquires 60 shares of its
2782	stock for cash. On December 31, 2010, in an unrelated redemption, L acquires 90 more
2783	shares of its stock for cash. Following each redemption, L’s stock is owned entirely by public
2784	shareholders. No other changes in the ownership of L’s stock occur prior to December 31,
2785	2010.
2786	
2787	(ii) Analysis. The July redemption is a small redemption because the number of shares
2788	redeemed (60) does not exceed 106, the small redemption limitation (10 percent of the
2789	number of common shares outstanding on January 1, 2010). Under paragraph (j)(14) of this
2790	section, the segregation rules of §1.382-2T(j)(2)(iii)(C) do not apply to the July redemption.
2791	Under paragraph (j)(14)(iv) of this section, Public L is treated as having all 60 shares
2792	redeemed.
2793	
2794	(iii) The December redemption is a small redemption because the number of shares
2795	redeemed (90) does not exceed 106, the small redemption limitation (10 percent of the
2796	number of common shares outstanding on January 1, 2010). However, under paragraph (j)
2797	(14)(i) of this section, only 46 of the 90 shares redeemed are exempted from the segregation
2798	rules of §1.382-2T(j)(2)(iii)(C) because the total number of shares of common stock
2799	redeemed in the July and December redemptions exceeds 106, the small redemption
2800	limitation, by 44. Accordingly, under paragraph (j)(14)(iv) of this section, Public L is treated
2801	as having 46 shares redeemed in the December redemption. Section 1.382-2T(j)(2)(iii)(C)
2802	applies to the remaining 44 shares redeemed. Accordingly, Public L is segregated into two
2803	diﬀerent public groups immediately before the transaction (and thereafter) so that the
2804	redeemed interests (Public RL) are treated as part of a public group that is separate from the
2805	ownership interests that are not redeemed (Public CL). Therefore, as a result of the
2806	December redemption, Public CL’s interest in L increases by 4.4 percentage points (from
2807	95.6 percent (956/1,000) to 100 percent (910/910)) on the December 31, 2010 testing date.
2808	For purposes of determining whether an ownership change occurs on any subsequent
2809	testing date having a testing period that includes such redemption, Public CL is treated as a
2810	5-percent shareholder whose percentage ownership interests in L increased by 4.4
2811	percentage points as a result of the redemption.
2812	
2813	Example 8. Segregation rules inapplicable — proportionate amount. (i) Facts. P1 is a
2814	corporation that owns 8 percent of the stock of L. The remaining L stock (92 percent) is
2815	owned by Public L. P1 is entirely owned by Public P1. Excluding cash and cash items within
2816	the meaning of section 382(h)(3)(B)(ii), P1’s investment in L represents 11 percent of P1’s
2817	gross assets. P2 is a corporation owned 90 percent by individual A and 10 percent by a
2818	public group (Public P2). On May 22, 2013, P1 merges into P2 with the shareholders of P1
2819	receiving an amount of P2 stock equal to 25 percent of the value of P2 immediately after the
2820	reorganization. Following the merger, P2’s investment in L represents 6 percent of the
2821	combined gross assets of P1 and P2 (excluding cash and cash items). L was owned 92
2822	percent by Public L and 8 percent by P1 throughout the testing period ending on the date of
2823	the merger.
2824	
2825	(ii) Analysis. Assuming L can establish that P2 owns 10 percent or less (by value) of L on May
2826	22, 2013 pursuant to the operating rules of paragraph (j)(15)(iv) of this section, the
2827	segregation rules of §1.382-2T(j)(3)(iii) will not apply to segregate P1’s direct public group
2828	(Public P1) immediately before the merger from P2’s direct public group (Public P2). Thus,
2829	following the merger, P2 is owned 67.5 percent (90% x 75%) by A and 32.5 percent (25% +
2830	(10% x 75%)) by Public P2. Pursuant to paragraph (j)(15)(ii)(B) of this section, Public P2’s
2831	lowest percentage of ownership is the sum of its lowest percentage of ownership (zero) and
2832	a proportionate amount of former Public P1’s lowest ownership percentage of L of 2.6
2833	percent (32.5% x 8%). P2 will be treated as having one public group whose ownership
2834	interest in L was 2.6 percent before the merger and remains 2.6 percent after the merger.
2835	Because Public P2 owns less than 5 percent of L, Public P2 is treated as part of Public L. See
2836	§1.382-2T(j)(1)(iv). Thus, pursuant to paragraph (j)(15)(ii)(B) of this section, Public L’s lowest
2837	ownership percentage of L during the testing period is 94.6 percent.
2838	
2839	Example 9. Segregation rules inapplicable — prior increase in ownership by former public
2840	group during testing period. (i) Facts. The facts are the same as Example 8, except that P1
2841	acquired its 8 percent interest in L during the testing period that includes the merger.
2842	
2843	(ii) Analysis. Pursuant to the rules of paragraph (j)(15)(ii)(A) of this section, the amount of
2844	increase in the percentage of stock ownership by Public P2 is the sum of its increase and any
2845	increase by a former public group (Public P1). Accordingly, Public P2, the continuing public
2846	group, is treated as having increased its ownership interest by 2.6 percent, and Public L is
2847	treated as increasing its ownership interest by 2.6 percent.
2848	
2849	Example 10. Ownership limitation based upon fair market value. (i) Facts. L has two classes of
2850	stock outstanding, common stock and preferred stock. The preferred stock is stock within
2851	the meaning of §1.382-2(a)(3). A direct public group (Public L) owns all of the common stock
2852	of L. P purchased 100 percent of the preferred stock of L at a time when the preferred stock
2853	represented 9 percent of the value of all the outstanding stock of L. The common stock
2854	owned by Public L represents the remaining 91 percent of the value of the stock of L. P has
2855	one class of common stock outstanding, all of which is owned by a direct public group
2856	(Public P). On October 7, 2013, P redeems 30 percent of its single outstanding class of
2857	common stock. Due to a decline in the relative value of the common stock of L, the
2858	preferred stock of L represents 40 percent of the value of all the outstanding stock of L on
2859	the date of the redemption.
2860	
2861	(ii) Analysis. The rules of paragraph (j)(15) of this section do not apply to the redemption
2862	because P owns more than 10 percent of L (by value) on that date.
2863	
2864	Example 11. Ownership limitation — fair market value includes preferred stock. The facts are
2865	the same as in Example 10, except that the preferred stock is not stock within the meaning
2866	of §1.382-2(a)(3). The results are the same as in Example 10.
2867	
2868	Example 12. Ownership limitation — application of attribution rules. (i) Facts. Individual A
2869	owns all the outstanding stock of X. A also owns preferred stock in Y that is not stock within
2870	the meaning §1.382-2(a)(3), which represents 50 percent of the value of Y. All the Y common
2871	stock is owned by public owners. Each of X and Y own 6 percent of the single class of L stock
2872	outstanding. On October 6, 2013, Y redeems 15 percent of its common stock.
2873	
2874	(ii) Analysis. In determining the ownership limitation of this paragraph, the attribution rules
2875	of section 318(a) apply. Pursuant to section 318(a)(2), A is treated as owning the L stock
2876	owned by X. Pursuant to section 318(a)(3), Y is treated as owning the L stock that A
2877	indirectly owns. Because Y’s ownership of L exceeds the ownership limitation, the rules of
2878	paragraph (j)(15) of this section do not apply.
2879	
2880	(17) Eﬀective/applicability date. This paragraph (j) generally applies to issuances or deemed
2881	issuances of stock in taxable years beginning on or after November 4, 1992. However,
2882	paragraphs (j)(13) through (j)(15) and Examples 5 through 12 of paragraph (j)(16) apply to
2883	testing dates occurring on or after the date these regulations are published as final
2884	regulations in the Federal Register. See §1.382-3(j)(14)(ii) and (iii), as contained in 26 CFR
2885	part 1 revised as of April 1, 1994, for the application of paragraph (j)(10) to stock issued on
2886	the exercise of certain options exercised on or after November 4, 1992 and for an election to
2887	apply paragraphs (j)(1) through (12) retroactively to certain issuances and deemed
2888	issuances of stock occurring in taxable years prior to November 4, 1992.
2889	
2890	Steven T. Miller,
2891	Deputy Commissioner for
2892	Services and Enforcement.
2893	
2894	Note (Filed by the Oﬀice of the Federal Register on November 22, 2011, 8:45 a.m., and
2895	published in the issue of the Federal Register for November 23, 2011, 76 F.R. 72362)
2896	
2897	Drafting Information
2898	
2899	The principal author of these proposed regulations is Stephen R. Cleary of the Oﬀice of
2900	Associate Chief Counsel (Corporate). However, other personnel from the IRS and the
2901	Treasury Department participated in their development.
2902	
2903	*****
2904	
2905	Announcement 2012-2
2906	
2907	Change to Publication 1220, Specifications for Filing Forms 1097, 1098,
2908	1099, 3921, 3922, 5498, and W-2G, Electronically (Rev. 9-2011)
2909	
2910	This announcement contains an update to Publication 1220, Specifications for Filing Forms
2911	1097, 1098, 1099, 3921, 3922, 5498, 8935 and W-2G, Electronically, revised (9-2011), concerning
2912	the filing of Form 1099-K.
2913	
2914	Part C. Section 6(14), Payee “B” Record Layout for Form 1099-K, field positions 605-608
2915	(page 73), the reference to Rev. Proc. 2004-43 related to Merchant Category Codes has been
2916	deleted.
2917	
2918	
2919	Definition of Terms and Abbreviations
2920	Definition of Terms
2921	
2922	Amplified describes a situation where no change is being made in a prior published
2923	position, but the prior position is being extended to apply to a variation of the fact situation
2924	set forth therein. Thus, if an earlier ruling held that a principle applied to A, and the new
2925	ruling holds that the same principle also applies to B, the earlier ruling is amplified.
2926	(Compare with modified, below).
2927	
2928	Clarified is used in those instances where the language in a prior ruling is being made clear
2929	because the language has caused, or may cause, some confusion. It is not used where a
2930	position in a prior ruling is being changed.
2931	
2932	Distinguished describes a situation where a ruling mentions a previously published ruling
2933	and points out an essential diﬀerence between them.
2934	
2935	Modified is used where the substance of a previously published position is being changed.
2936	Thus, if a prior ruling held that a principle applied to A but not to B, and the new ruling
2937	holds that it applies to both A and B, the prior ruling is modified because it corrects a
2938	published position. (Compare with amplified and clarified, above).
2939	
2940	Obsoleted describes a previously published ruling that is not considered determinative with
2941	respect to future transactions. This term is most commonly used in a ruling that lists
2942	previously published rulings that are obsoleted because of changes in laws or regulations. A
2943	ruling may also be obsoleted because the substance has been included in regulations
2944	subsequently adopted.
2945	
2946	Revoked describes situations where the position in the previously published ruling is not
2947	correct and the correct position is being stated in a new ruling.
2948	
2949	Superseded describes a situation where the new ruling does nothing more than restate the
2950	substance and situation of a previously published ruling (or rulings). Thus, the term is used
2951	to republish under the 1986 Code and regulations the same position published under the
2952	1939 Code and regulations. The term is also used when it is desired to republish in a single
2953	ruling a series of situations, names, etc., that were previously published over a period of
2954	time in separate rulings. If the new ruling does more than restate the substance of a prior
2955	ruling, a combination of terms is used. For example, modified and superseded describes a
2956	situation where the substance of a previously published ruling is being changed in part and
2957	is continued without change in part and it is desired to restate the valid portion of the
2958	previously published ruling in a new ruling that is self contained. In this case, the previously
2959	published ruling is first modified and then, as modified, is superseded.
2960	
2961	Supplemented is used in situations in which a list, such as a list of the names of countries, is
2962	published in a ruling and that list is expanded by adding further names in subsequent
2963	rulings. After the original ruling has been supplemented several times, a new ruling may be
2964	published that includes the list in the original ruling and the additions, and supersedes all
2965	prior rulings in the series.
2966	
2967	Suspended is used in rare situations to show that the previous published rulings will not be
2968	applied pending some future action such as the issuance of new or amended regulations,
2969	the outcome of cases in litigation, or the outcome of a Service study.
2970	
2971	Revenue rulings and revenue procedures (hereinafter referred to as “rulings”) that have an
2972	eﬀect on previous rulings use the following defined terms to describe the eﬀect:
2973	
2974	Abbreviations
2975	
2976	The following abbreviations in current use and formerly used will appear in material
2977	published in the Bulletin.
2978	
2979	A—Individual.
2980	
2981	Acq.—Acquiescence.
2982	
2983	B—Individual.
2984	
2985	BE—Beneficiary.
2986	
2987	BK—Bank.
2988	
2989	B.T.A.—Board of Tax Appeals.
2990	
2991	C—Individual.
2992	
2993	C.B.—Cumulative Bulletin.
2994	
2995	CFR—Code of Federal Regulations.
2996	
2997	CI—City.
2998	
2999	COOP—Cooperative.
3000	
3001	Ct.D.—Court Decision.
3002	
3003	CY—County.
3004	
3005	D—Decedent.
3006	
3007	DC—Dummy Corporation.
3008	
3009	DE—Donee.
3010	
3011	Del. Order—Delegation Order.
3012	
3013	DISC—Domestic International Sales Corporation.
3014	
3015	DR—Donor.
3016	
3017	E—Estate.
3018	
3019	EE—Employee.
3020	
3021	E.O.—Executive Order.
3022	
3023	ER—Employer.
3024	
3025	ERISA—Employee Retirement Income Security Act.
3026	
3027	EX—Executor.
3028	
3029	F—Fiduciary.
3030	
3031	FC—Foreign Country.
3032	
3033	FICA—Federal Insurance Contributions Act.
3034	
3035	FISC—Foreign International Sales Company.
3036	
3037	FPH—Foreign Personal Holding Company.
3038	
3039	F.R.—Federal Register.
3040	
3041	FUTA—Federal Unemployment Tax Act.
3042	
3043	FX—Foreign corporation.
3044	
3045	G.C.M.—Chief Counsel’s Memorandum.
3046	
3047	GE—Grantee.
3048	
3049	GP—General Partner.
3050	
3051	GR—Grantor.
3052	
3053	IC—Insurance Company.
3054	
3055	I.R.B.—Internal Revenue Bulletin.
3056	
3057	LE—Lessee.
3058	
3059	LP—Limited Partner.
3060	
3061	LR—Lessor.
3062	
3063	M—Minor.
3064	
3065	Nonacq.—Nonacquiescence.
3066	
3067	O—Organization.
3068	
3069	P—Parent Corporation.
3070	
3071	PHC—Personal Holding Company.
3072	
3073	PO—Possession of the U.S.
3074	
3075	PR—Partner.
3076	
3077	PRS—Partnership.
3078	
3079	PTE—Prohibited Transaction Exemption.
3080	
3081	Pub. L.—Public Law.
3082	
3083	REIT—Real Estate Investment Trust.
3084	
3085	Rev. Proc.—Revenue Procedure.
3086	
3087	Rev. Rul.—Revenue Ruling.
3088	
3089	S—Subsidiary.
3090	
3091	S.P.R.—Statement of Procedural Rules.
3092	
3093	Stat.—Statutes at Large.
3094	
3095	T—Target Corporation.
3096	
3097	T.C.—Tax Court.
3098	
3099	T.D. —Treasury Decision.
3100	
3101	TFE—Transferee.
3102	
3103	TFR—Transferor.
3104	
3105	T.I.R.—Technical Information Release.
3106	
3107	TP—Taxpayer.
3108	
3109	TR—Trust.
3110	
3111	TT—Trustee.
3112	
3113	U.S.C.—United States Code.
3114	
3115	X—Corporation.
3116	
3117	Y—Corporation.
3118	
3119	Z—Corporation.
3120	
3121	
3122	Numerical Finding List
3123	Numerical Finding List
3124	
3125	A cumulative list of all revenue rulings, revenue procedures, Treasury decisions, etc.,
3126	published in Internal Revenue Bulletins 2011-27 through 2011-52 is in Internal Revenue
3127	Bulletin 2011-52, dated December 27, 2011.
3128	
3129	Bulletins 2012-1 through 2012-2
3130	
3131	Announcements
3132	
3133	 Article Issue             Link      Page
3134	2012-1      2012-1 I.R.B. 2012-1 249
3135	2012-2      2012-2 I.R.B. 2012-2
3136	
3137	
3138	
3139	Notices
3140	
3141	 Article Issue             Link      Page
3142	2012-1      2012-2 I.R.B. 2012-2
3143	
3144	
3145	
3146	Proposed Regulations
3147	
3148	 Article       Issue         Link     Page
3149	149625-10 2012-2 I.R.B. 2012-2
3150	
3151	
3152	
3153	Revenue Procedures
3154	
3155	 Article Issue             Link      Page
3156	2012-1      2012-1 I.R.B. 2012-1 1
3157	2012-2      2012-1 I.R.B. 2012-1 92
3158	2012-3      2012-1 I.R.B. 2012-1 113
3159	2012-4      2012-1 I.R.B. 2012-1 125
3160	2012-5      2012-1 I.R.B. 2012-1 169
3161	2012-6      2012-1 I.R.B. 2012-1 197
3162	2012-7      2012-1 I.R.B. 2012-1 232
3163	2012-8      2012-1 I.R.B. 2012-1 235
3164	2012-9      2012-2 I.R.B. 2012-2
3165	2012-10     2012-2 I.R.B. 2012-2
3166	2012-12     2012-2 I.R.B. 2012-2
3167	
3168	
3169	
3170	Revenue Rulings
3171	
3172	 Article Issue             Link      Page
3173	2012-1      2012-2 I.R.B. 2012-2
3174	
3175	
3176	
3177	Treasury Decisions
3178	
3179	 Article Issue             Link      Page
3180	9559        2012-2 I.R.B. 2012-2
3181	
3182	
3183	
3184	
3185	Eﬀect of Current Actions on Previously Published Items
3186	Finding List of Current Actions on Previously Published Items
3187	
3188	A cumulative list of current actions on previously published items in Internal Revenue
3189	Bulletins 2011-27 through 2011-52 is in Internal Revenue Bulletin 2011-52, dated December
3190	27, 2011.
3191	
3192	Bulletins 2012-1 through 2012-2
3193	
3194	Notices
3195	
3196	 Old                                                    New
3197	 Article        Action                                  Article        Issue        Link Page
3198	2010-88        as modified by Ann. 2011-40, is         Notice         2012-2        2012-
3199	               superseded by                           2012-1         I.R.B.        2
3200	
3201	
3202	
3203	Revenue Procedures
3204	
3205	 Old Article Action                 New Article            Issue        Link      Page
3206	2011-1            Superseded by Rev. Proc. 2012-1          2012-1 I.R.B. 2012-1 1
3207	2011-2            Superseded by Rev. Proc. 2012-2          2012-1 I.R.B. 2012-1 92
3208	2011-3            Superseded by Rev. Proc. 2012-3          2012-1 I.R.B. 2012-1 113
3209	2011-4            Superseded by Rev. Proc. 2012-4          2012-1 I.R.B. 2012-1 125
3210	2011-5            Superseded by Rev. Proc. 2012-5          2012-1 I.R.B. 2012-1 169
3211	2011-6            Superseded by Rev. Proc. 2012-6          2012-1 I.R.B. 2012-1 197
3212	2011-7            Superseded by Rev. Proc. 2012-7          2012-1 I.R.B. 2012-1 232
3213	2011-8            Superseded by Rev. Proc. 2012-8          2012-1 I.R.B. 2012-1 235
3214	2011-9            Superseded by Rev. Proc. 2012-9          2012-2 I.R.B. 2012-2
3215	2011-10           Superseded by Rev. Proc. 2012-10 2012-2 I.R.B. 2012-2
3216	
3217	
3218	
3219	
3220	How to get the Internal Revenue Bulletin
3221	INTERNAL REVENUE BULLETIN
3222	
3223	The Introduction at the beginning of this issue describes the purpose and content of this
3224	publication. The weekly Internal Revenue Bulletin is sold on a yearly subscription basis by
3225	the Superintendent of Documents. Current subscribers are notified by the Superintendent
3226	of Documents when their subscriptions must be renewed.
3227	
3228	CUMULATIVE BULLETINS
3229	
3230	The contents of this weekly Bulletin are consolidated semiannually into a permanent,
3231	indexed, Cumulative Bulletin. These are sold on a single copy basis and are not included as
3232	part of the subscription to the Internal Revenue Bulletin. Subscribers to the weekly Bulletin
3233	are notified when copies of the Cumulative Bulletin are available. Certain issues of
3234	Cumulative Bulletins are out of print and are not available. Persons desiring available
3235	Cumulative Bulletins, which are listed on the reverse, may purchase them from the
3236	Superintendent of Documents.
3237	
3238	ACCESS THE INTERNAL REVENUE BULLETIN ON THE INTERNET
3239	
3240	You may view the Internal Revenue Bulletin on the Internet at www.irs.gov. Select
3241	Businesses. Under Businesses Topics, select More Topics. Then select Internal Revenue
3242	Bulletins.
3243	
3244	INTERNAL REVENUE BULLETINS ON CD-ROM
3245	
3246	Internal Revenue Bulletins are available annually as part of Publication 1796 (Tax Products
3247	CD-ROM). The CD-ROM can be purchased from National Technical Information Service
3248	(NTIS) on the Internet at www.irs.gov/cdorders (discount for online orders) or by calling 1-
3249	877-233-6767. The first release is available in mid-December and the final release is
3250	available in late January.
3251	
3252	How to Order
3253	
3254	Check the publications and/or subscription(s) desired on the reverse, complete the order
3255	blank, enclose the proper remittance, detach entire page, and mail to the
3256	
3257	P.O. Box 979050, St. Louis, MO 63197-9000
3258	
3259	Please allow two to six weeks, plus mailing time, for delivery.
3260	
3261	We Welcome Comments About the Internal Revenue Bulletin
3262	
3263	If you have comments concerning the format or production of the Internal Revenue Bulletin
3264	or suggestions for improving it, we would be pleased to hear from you. You can email us
3265	your suggestions or comments through the IRS Internet Home Page (www.irs.gov) or write
3266	to the
3267	
3268	IRS Bulletin Unit, SE:W:CAR:MP:T:T:SP, Washington, DC 20224.
3269	
3270	
3271	
3272	
3273	   Page Last Reviewed or Updated: 30-Apr-2026               Share              Print
3274	
3275	
3276	
3277	
3278	+ OUR AGENCY
3279	
3280	+ KNOW YOUR RIGHTS
3281	
3282	+ RESOLVE AN ISSUE
3283	
3284	+ LANGUAGES
3285	
3286	+ RELATED SITES
3287	
3288	
3289	
3290	
3291	
3292	
3293	
3294	                                          Privacy Policy
3295	
3296	                                           Accessibility
3297	
